YEAR,MONTH,DAY,MAX. TEMP(F),MIN. TEMP(F),Precipitation (Inches),Snowfall (Inches),Snow Cover (Inches)
2018,1,1,30,12,0.00,0.0,-999
2018,1,2,46,12,0.00,0.0,-999
2018,1,3,50,20,0.00,0.0,-999
2018,1,4,52,24,0.00,0.0,-999
2018,1,5,62,25,0.00,0.0,-999
2018,1,6,60,30,0.00,0.0,-999
2018,1,7,55,30,0.00,0.0,-999
2018,1,8,56,25,0.00,0.0,0
2018,1,9,67,36,0.00,0.0,0
2018,1,10,59,44,0.01,0.0,0
2018,1,11,47,20,0.00,0.0,0
2018,1,12,48,29,0.00,0.0,0
2018,1,13,52,21,0.00,0.0,0
2018,1,14,52,22,0.00,0.0,0
2018,1,15,38,16,0.06,1.7,2
2018,1,16,36,0,0.00,0.0,1
2018,1,17,52,14,0.00,0.0,-999
2018,1,18,63,24,0.00,0.0,0
2018,1,19,69,38,0.00,0.0,0
2018,1,20,62,31,0.00,0.0,0
2018,1,21,32,24,0.67,7.1,7
2018,1,22,48,15,0.00,0.0,5
2018,1,23,44,19,0.00,0.0,4
2018,1,24,53,15,0.00,0.0,4
2018,1,25,53,28,0.00,0.0,4
2018,1,26,47,28,0.00,0.0,3
2018,1,27,45,20,0.00,0.0,3
2018,1,28,50,23,0.00,0.0,2
2018,1,29,59,23,0.00,0.0,1
2018,1,30,64,35,0.00,0.0,-999
2018,1,31,59,24,0.00,0.0,-999
2018,2,1,40,22,0.03,0.5,1
2018,2,2,52,23,0.00,0.0,0
2018,2,3,58,32,0.00,0.0,-999
2018,2,4,50,15,0.02,0.3,-999
2018,2,5,53,20,0.02,0.0,0
2018,2,6,49,22,-999.00,-999.0,0
2018,2,7,53,24,-999.00,-999.0,-999
2018,2,8,60,35,0.00,0.0,0
2018,2,9,56,24,0.00,0.0,0
2018,2,10,24,10,0.30,4.1,4
2018,2,11,46,6,0.04,1.6,2
2018,2,12,32,15,-999.00,0.1,-999
2018,2,13,57,12,-999.00,-999.0,-999
2018,2,14,63,41,0.00,0.0,0
2018,2,15,50,29,0.00,0.0,0
2018,2,16,41,14,0.04,0.6,-999
2018,2,17,56,31,0.00,0.0,0
2018,2,18,66,36,0.00,0.0,0
2018,2,19,54,10,0.11,3.2,2
2018,2,20,15,-6,0.34,5.6,6
2018,2,21,19,-4,0.00,0.0,4
2018,2,22,30,7,-999.00,-999.0,4
2018,2,23,34,9,0.01,0.1,4
2018,2,24,37,16,0.13,2.4,4
2018,2,25,40,20,0.00,0.0,3
2018,2,26,52,22,0.00,0.0,2
2018,2,27,52,22,0.00,0.0,1
2018,2,28,48,25,0.00,0.0,-999
2018,2,29,-998,-998,-998.00,-998.0,-998
2018,3,1,53,20,0.00,0.0,-999
2018,3,2,69,31,0.00,0.0,0
2018,3,3,68,30,0.00,0.0,0
2018,3,4,67,31,0.00,0.0,0
2018,3,5,45,24,0.00,0.0,0
2018,3,6,51,20,0.00,0.0,0
2018,3,7,52,17,0.00,0.0,0
2018,3,8,65,25,0.00,0.0,0
2018,3,9,64,40,0.00,0.0,0
2018,3,10,57,39,0.00,0.0,0
2018,3,11,51,19,0.00,0.0,0
2018,3,12,56,22,0.00,0.0,0
2018,3,13,57,23,0.00,0.0,0
2018,3,14,66,30,0.00,0.0,0
2018,3,15,65,35,0.00,0.0,0
2018,3,16,52,31,0.32,0.1,0
2018,3,17,61,27,0.00,0.0,0
2018,3,18,54,28,0.25,0.2,-999
2018,3,19,45,27,0.36,0.8,-999
2018,3,20,51,25,0.00,0.0,0
2018,3,21,60,27,0.00,0.0,0
2018,3,22,72,38,0.00,0.0,0
2018,3,23,70,51,0.00,0.0,0
2018,3,24,64,31,0.00,0.0,0
2018,3,25,62,31,0.00,0.0,0
2018,3,26,56,35,0.10,0.0,0
2018,3,27,47,26,0.61,3.0,-999
2018,3,28,47,29,0.39,1.5,1
2018,3,29,47,24,0.19,1.2,-999
2018,3,30,63,25,0.01,-999.0,0
2018,3,31,59,31,0.00,0.0,0
2018,4,1,49,24,0.02,0.1,0
2018,4,2,74,31,0.00,0.0,0
2018,4,3,65,30,0.00,0.0,0
2018,4,4,62,23,0.00,0.0,0
2018,4,5,65,37,0.00,0.0,0
2018,4,6,58,24,0.38,4.1,4
2018,4,7,50,22,0.02,0.1,0
2018,4,8,62,41,0.00,0.0,0
2018,4,9,57,33,0.04,-999.0,0
2018,4,10,69,35,0.00,0.0,0
2018,4,11,76,52,0.00,0.0,0
2018,4,12,76,40,0.00,0.0,0
2018,4,13,69,35,0.01,0.0,0
2018,4,14,57,28,0.00,0.0,0
2018,4,15,59,28,0.00,0.0,0
2018,4,16,65,31,0.00,0.0,0
2018,4,17,69,43,-999.00,-999.0,0
2018,4,18,56,28,-999.00,-999.0,0
2018,4,19,61,27,0.00,0.0,0
2018,4,20,58,35,0.03,0.0,0
2018,4,21,46,32,0.37,0.7,0
2018,4,22,64,29,0.00,0.0,0
2018,4,23,71,35,-999.00,0.0,0
2018,4,24,68,33,0.48,1.0,-999
2018,4,25,66,27,-999.00,-999.0,0
2018,4,26,66,41,0.00,0.0,0
2018,4,27,72,34,0.00,0.0,0
2018,4,28,73,38,0.00,0.0,0
2018,4,29,81,47,0.00,0.0,0
2018,4,30,76,43,0.00,0.0,0
2018,5,1,67,45,-999.00,0.0,0
2018,5,2,57,42,0.24,0.0,0
2018,5,3,53,38,1.44,0.0,0
2018,5,4,69,37,0.02,0.0,0
2018,5,5,75,47,0.00,0.0,0
2018,5,6,75,43,0.00,0.0,0
2018,5,7,82,46,0.00,0.0,0
2018,5,8,82,47,0.00,0.0,0
2018,5,9,76,46,0.00,0.0,0
2018,5,10,84,45,0.00,0.0,0
2018,5,11,84,49,-999.00,0.0,0
2018,5,12,64,51,0.44,0.0,0
2018,5,13,57,49,0.28,0.0,0
2018,5,14,64,49,0.65,0.0,0
2018,5,15,71,41,0.01,0.0,0
2018,5,16,81,44,0.00,0.0,0
2018,5,17,78,42,0.00,0.0,0
2018,5,18,75,48,0.51,0.0,0
2018,5,19,53,44,0.39,0.0,0
2018,5,20,51,41,0.42,0.0,0
2018,5,21,75,40,0.01,0.0,0
2018,5,22,77,47,0.00,0.0,0
2018,5,23,74,46,0.04,0.0,0
2018,5,24,82,48,0.00,0.0,0
2018,5,25,86,48,0.00,0.0,0
2018,5,26,86,50,0.00,0.0,0
2018,5,27,80,54,0.00,0.0,0
2018,5,28,79,52,0.07,0.0,0
2018,5,29,73,49,0.00,0.0,0
2018,5,30,82,45,0.24,0.0,0
2018,5,31,87,50,0.00,0.0,0
2018,6,1,87,50,0.00,0.0,0
2018,6,2,79,48,0.00,0.0,0
2018,6,3,77,44,0.00,0.0,0
2018,6,4,90,51,0.00,0.0,0
2018,6,5,91,53,0.00,0.0,0
2018,6,6,84,53,0.00,0.0,0
2018,6,7,90,53,0.00,0.0,0
2018,6,8,91,51,0.00,0.0,0
2018,6,9,91,52,0.00,0.0,0
2018,6,10,94,54,0.00,0.0,0
2018,6,11,91,60,0.00,0.0,0
2018,6,12,82,49,0.00,0.0,0
2018,6,13,90,52,0.00,0.0,0
2018,6,14,95,56,0.00,0.0,0
2018,6,15,89,62,0.02,0.0,0
2018,6,16,84,57,0.26,0.0,0
2018,6,17,73,55,0.42,0.0,0
2018,6,18,73,55,0.52,0.0,0
2018,6,19,73,57,0.44,0.0,0
2018,6,20,76,48,0.00,0.0,0
2018,6,21,81,50,-999.00,0.0,0
2018,6,22,86,53,0.01,0.0,0
2018,6,23,85,50,0.00,0.0,0
2018,6,24,85,54,0.02,0.0,0
2018,6,25,82,46,0.00,0.0,0
2018,6,26,97,51,0.00,0.0,0
2018,6,27,97,65,-999.00,0.0,0
2018,6,28,98,57,-999.00,0.0,0
2018,6,29,90,72,0.00,0.0,0
2018,6,30,79,53,0.13,0.0,0
2018,7,1,87,46,0.00,0.0,0
2018,7,2,92,51,0.00,0.0,0
2018,7,3,90,56,-999.00,0.0,0
2018,7,4,87,55,0.00,0.0,0
2018,7,5,84,58,0.24,0.0,0
2018,7,6,87,53,0.00,0.0,0
2018,7,7,96,57,0.00,0.0,0
2018,7,8,96,60,0.00,0.0,0
2018,7,9,93,60,0.00,0.0,0
2018,7,10,97,57,0.00,0.0,0
2018,7,11,95,58,0.00,0.0,0
2018,7,12,92,61,0.05,0.0,0
2018,7,13,88,55,0.00,0.0,0
2018,7,14,94,57,0.00,0.0,0
2018,7,15,93,61,0.45,0.0,0
2018,7,16,85,54,0.02,0.0,0
2018,7,17,84,61,-999.00,0.0,0
2018,7,18,94,60,-999.00,0.0,0
2018,7,19,97,61,0.00,0.0,0
2018,7,20,94,60,0.00,0.0,0
2018,7,21,93,60,0.05,0.0,0
2018,7,22,94,63,0.11,0.0,0
2018,7,23,78,63,0.31,0.0,0
2018,7,24,86,57,0.11,0.0,0
2018,7,25,82,58,0.03,0.0,0
2018,7,26,81,55,0.07,0.0,0
2018,7,27,80,56,0.35,0.0,0
2018,7,28,77,56,0.01,0.0,0
2018,7,29,75,52,0.04,0.0,0
2018,7,30,77,51,0.00,0.0,0
2018,7,31,84,48,0.00,0.0,0
2018,8,1,85,52,0.00,0.0,0
2018,8,2,91,53,0.00,0.0,0
2018,8,3,86,65,0.01,0.0,0
2018,8,4,86,63,-999.00,0.0,0
2018,8,5,86,61,0.01,0.0,0
2018,8,6,83,57,0.00,0.0,0
2018,8,7,88,54,0.00,0.0,0
2018,8,8,84,53,0.00,0.0,0
2018,8,9,90,55,0.00,0.0,0
2018,8,10,89,55,0.00,0.0,0
2018,8,11,92,53,0.00,0.0,0
2018,8,12,90,52,0.00,0.0,0
2018,8,13,90,51,0.00,0.0,0
2018,8,14,84,55,0.01,0.0,0
2018,8,15,88,54,0.04,0.0,0
2018,8,16,88,54,0.00,0.0,0
2018,8,17,87,57,0.00,0.0,0
2018,8,18,85,56,0.00,0.0,0
2018,8,19,79,51,0.16,0.0,0
2018,8,20,77,47,0.00,0.0,0
2018,8,21,76,51,-999.00,0.0,0
2018,8,22,80,55,0.01,0.0,0
2018,8,23,89,56,0.00,0.0,0
2018,8,24,89,56,0.00,0.0,0
2018,8,25,90,60,0.00,0.0,0
2018,8,26,94,56,0.00,0.0,0
2018,8,27,90,64,0.00,0.0,0
2018,8,28,86,49,0.00,0.0,0
2018,8,29,90,46,0.00,0.0,0
2018,8,30,90,56,0.00,0.0,0
2018,8,31,89,59,-999.00,0.0,0
2018,9,1,81,54,-999.00,0.0,0
2018,9,2,80,51,0.00,0.0,0
2018,9,3,80,54,0.00,0.0,0
2018,9,4,83,51,0.00,0.0,0
2018,9,5,76,54,0.96,0.0,0
2018,9,6,73,48,0.05,0.0,0
2018,9,7,78,48,0.00,0.0,0
2018,9,8,81,48,0.00,0.0,0
2018,9,9,87,54,-999.00,0.0,0
2018,9,10,88,52,0.00,0.0,0
2018,9,11,91,55,-999.00,0.0,0
2018,9,12,91,55,0.00,0.0,0
2018,9,13,94,59,0.00,0.0,0
2018,9,14,92,55,0.00,0.0,0
2018,9,15,93,52,0.00,0.0,0
2018,9,16,91,58,0.00,0.0,0
2018,9,17,92,60,0.00,0.0,0
2018,9,18,90,55,0.00,0.0,0
2018,9,19,83,57,-999.00,0.0,0
2018,9,20,83,57,0.01,0.0,0
2018,9,21,77,51,0.00,0.0,0
2018,9,22,86,43,0.00,0.0,0
2018,9,23,88,52,0.00,0.0,0
2018,9,24,82,51,0.00,0.0,0
2018,9,25,71,44,0.00,0.0,0
2018,9,26,72,36,0.00,0.0,0
2018,9,27,80,45,0.00,0.0,0
2018,9,28,64,42,0.00,0.0,0
2018,9,29,84,37,0.00,0.0,0
2018,9,30,73,40,-999.00,0.0,0
2018,10,1,67,39,-999.00,0.0,0
2018,10,2,82,48,0.00,0.0,0
2018,10,3,85,61,0.00,0.0,0
2018,10,4,74,43,0.03,0.0,0
2018,10,5,74,41,0.15,0.0,0
2018,10,6,54,39,0.03,0.0,0
2018,10,7,51,39,0.05,0.0,0
2018,10,8,44,37,0.78,0.0,0
2018,10,9,38,34,0.26,0.0,0
2018,10,10,38,30,0.33,0.9,0
2018,10,11,41,31,0.09,-999.0,0
2018,10,12,63,31,0.00,0.0,0
2018,10,13,66,34,0.00,0.0,0
2018,10,14,54,20,0.68,8.9,7
2018,10,15,47,13,0.00,0.0,2
2018,10,16,58,26,0.00,0.0,-999
2018,10,17,62,31,0.00,0.0,0
2018,10,18,68,31,0.00,0.0,0
2018,10,19,69,47,0.00,0.0,0
2018,10,20,70,34,0.00,0.0,0
2018,10,21,78,38,0.00,0.0,0
2018,10,22,72,41,0.00,0.0,0
2018,10,23,64,42,0.00,0.0,0
2018,10,24,65,44,-999.00,0.0,0
2018,10,25,69,40,0.00,0.0,0
2018,10,26,71,39,-999.00,0.0,0
2018,10,27,76,50,0.00,0.0,0
2018,10,28,78,36,0.00,0.0,0
2018,10,29,79,50,0.00,0.0,0
2018,10,30,66,33,0.10,0.1,-999
2018,10,31,49,32,0.18,0.2,0
2018,11,1,57,31,0.00,0.0,0
2018,11,2,64,31,0.00,0.0,0
2018,11,3,58,38,0.13,-999.0,0
2018,11,4,57,27,-999.00,0.0,0
2018,11,5,54,36,0.00,0.0,0
2018,11,6,52,31,0.00,0.0,0
2018,11,7,44,23,0.00,0.0,0
2018,11,8,40,21,0.00,0.0,0
2018,11,9,42,17,0.00,0.0,0
2018,11,10,58,28,0.00,0.0,0
2018,11,11,42,22,0.64,12.6,11
2018,11,12,30,12,0.06,1.6,7
2018,11,13,51,11,0.00,0.0,3
2018,11,14,61,27,0.00,0.0,3
2018,11,15,64,37,0.00,0.0,-999
2018,11,16,65,29,0.00,0.0,-999
2018,11,17,49,22,0.31,1.7,2
2018,11,18,47,12,0.05,0.5,1
2018,11,19,49,24,0.00,0.0,1
2018,11,20,57,21,0.00,0.0,-999
2018,11,21,62,27,0.00,0.0,0
2018,11,22,62,29,0.00,0.0,-999
2018,11,23,51,34,0.00,0.0,-999
2018,11,24,58,27,-999.00,0.0,-999
2018,11,25,46,20,0.00,0.0,0
2018,11,26,54,19,0.00,0.0,0
2018,11,27,58,28,0.00,0.0,0
2018,11,28,59,44,0.00,0.0,0
2018,11,29,52,31,0.00,0.0,0
2018,11,30,36,24,-999.00,-999.0,0
2018,12,1,47,22,0.00,0.0,0
2018,12,2,38,15,0.00,0.0,0
2018,12,3,34,21,0.16,2.5,1
2018,12,4,40,13,0.00,0.0,1
2018,12,5,48,13,0.00,0.0,1
2018,12,6,32,17,0.04,0.5,1
2018,12,7,44,16,0.00,0.0,-999
2018,12,8,49,19,0.00,0.0,-999
2018,12,9,47,21,0.00,0.0,-999
2018,12,10,54,18,0.00,0.0,-999
2018,12,11,57,32,0.00,0.0,-999
2018,12,12,55,26,0.00,0.0,-999
2018,12,13,47,19,0.00,0.0,-999
2018,12,14,55,23,0.00,0.0,-999
2018,12,15,56,22,0.00,0.0,0
2018,12,16,59,28,0.00,0.0,0
2018,12,17,59,26,0.00,0.0,0
2018,12,18,57,31,0.00,0.0,0
2018,12,19,50,35,0.00,0.0,0
2018,12,20,48,21,0.00,0.0,0
2018,12,21,63,25,0.00,0.0,0
2018,12,22,50,25,0.01,-999.0,0
2018,12,23,50,15,0.00,0.0,0
2018,12,24,50,26,0.00,0.0,0
2018,12,25,44,22,0.00,0.0,0
2018,12,26,40,17,-999.00,0.1,-999
2018,12,27,34,18,-999.00,-999.0,0
2018,12,28,23,13,-999.00,-999.0,0
2018,12,29,37,5,-999.00,-999.0,0
2018,12,30,50,21,0.00,0.0,0
2018,12,31,42,9,0.13,2.6,3
2019,1,1,13,2,0.03,0.6,2
2019,1,2,41,1,0.00,0.0,2
2019,1,3,56,22,0.00,0.0,1
2019,1,4,61,17,0.00,0.0,-999
2019,1,5,60,32,0.00,0.0,-999
2019,1,6,57,30,0.00,0.0,0
2019,1,7,51,34,-999.00,-999.0,0
2019,1,8,46,23,0.00,0.0,0
2019,1,9,50,23,-999.00,0.0,0
2019,1,10,58,29,0.00,0.0,0
2019,1,11,45,32,0.63,1.9,2
2019,1,12,39,29,0.14,1.4,2
2019,1,13,41,18,0.00,0.0,2
2019,1,14,51,17,0.00,0.0,1
2019,1,15,51,23,0.00,0.0,1
2019,1,16,53,29,0.00,0.0,-999
2019,1,17,57,32,0.00,0.0,0
2019,1,18,50,31,0.22,1.5,1
2019,1,19,51,20,0.00,0.0,-999
2019,1,20,54,35,0.00,0.0,-999
2019,1,21,51,23,0.00,0.0,-999
2019,1,22,44,23,0.17,2.2,2
2019,1,23,45,15,0.00,0.0,1
2019,1,24,37,19,0.18,2.9,3
2019,1,25,41,13,0.00,0.0,2
2019,1,26,48,21,0.00,0.0,2
2019,1,27,53,31,0.00,0.0,-999
2019,1,28,49,18,0.20,4.0,4
2019,1,29,32,7,0.00,0.0,2
2019,1,30,49,7,0.00,0.0,2
2019,1,31,50,23,0.00,0.0,1
2019,2,1,59,24,0.00,0.0,-999
2019,2,2,59,30,0.00,0.0,-999
2019,2,3,63,36,0.00,0.0,-999
2019,2,4,54,37,0.00,0.0,-999
2019,2,5,47,16,0.00,0.0,-999
2019,2,6,37,12,0.29,5.7,5
2019,2,7,20,-9,0.08,1.8,5
2019,2,8,33,-4,0.00,0.0,4
2019,2,9,44,11,0.00,0.0,3
2019,2,10,32,18,0.00,0.0,3
2019,2,11,36,9,-999.00,-999.0,2
2019,2,12,50,19,0.00,0.0,1
2019,2,13,57,31,0.00,0.0,-999
2019,2,14,56,36,0.00,0.0,0
2019,2,15,57,21,0.01,0.1,0
2019,2,16,52,18,-999.00,-999.0,0
2019,2,17,36,21,-999.00,-999.0,-999
2019,2,18,25,7,0.12,4.2,2
2019,2,19,20,12,0.06,0.6,2
2019,2,20,35,7,0.00,0.0,-999
2019,2,21,34,10,0.00,0.0,-999
2019,2,22,29,20,0.06,1.1,1
2019,2,23,41,15,0.11,1.0,1
2019,2,24,47,28,0.00,0.0,-999
2019,2,25,54,15,0.00,0.0,-999
2019,2,26,52,20,0.00,0.0,-999
2019,2,27,45,15,0.01,0.1,-999
2019,2,28,55,29,0.00,0.0,0
2019,2,29,-998,-998,-998.00,-998.0,-998
2019,3,1,54,28,0.00,0.0,0
2019,3,2,40,14,0.14,3.0,3
2019,3,3,14,-2,0.38,4.5,6
2019,3,4,22,-5,0.01,0.1,4
2019,3,5,32,3,0.00,0.0,4
2019,3,6,43,15,0.00,0.0,3
2019,3,7,53,26,0.09,0.1,-999
2019,3,8,46,25,-999.00,0.0,-999
2019,3,9,50,28,0.10,0.0,-999
2019,3,10,49,22,0.00,0.0,-999
2019,3,11,53,25,-999.00,0.0,-999
2019,3,12,59,29,0.00,0.0,0
2019,3,13,54,29,1.30,3.1,3
2019,3,14,36,25,0.00,0.0,2
2019,3,15,49,14,0.00,0.0,-999
2019,3,16,51,23,0.00,0.0,0
2019,3,17,54,23,0.00,0.0,0
2019,3,18,49,28,0.00,0.0,0
2019,3,19,49,28,0.00,0.0,0
2019,3,20,60,21,0.00,0.0,0
2019,3,21,59,30,0.00,0.0,0
2019,3,22,57,33,0.06,0.0,0
2019,3,23,52,33,0.04,0.0,0
2019,3,24,58,28,-999.00,0.0,0
2019,3,25,60,30,0.00,0.0,0
2019,3,26,70,31,0.00,0.0,0
2019,3,27,74,41,0.00,0.0,0
2019,3,28,64,35,0.00,0.0,0
2019,3,29,54,36,0.27,0.0,0
2019,3,30,42,26,0.44,5.4,-999
2019,3,31,51,26,0.00,0.0,0
2019,4,1,59,27,0.00,0.0,0
2019,4,2,55,33,0.00,0.0,0
2019,4,3,58,33,-999.00,0.0,0
2019,4,4,65,34,0.00,0.0,0
2019,4,5,69,33,0.00,0.0,0
2019,4,6,70,40,0.00,0.0,0
2019,4,7,70,41,0.00,0.0,0
2019,4,8,76,45,0.00,0.0,0
2019,4,9,78,44,0.00,0.0,0
2019,4,10,73,25,0.54,2.7,3
2019,4,11,43,16,0.24,2.5,1
2019,4,12,43,25,-999.00,-999.0,-999
2019,4,13,48,28,0.10,0.8,0
2019,4,14,65,26,0.00,0.0,0
2019,4,15,72,43,0.00,0.0,0
2019,4,16,71,38,-999.00,0.0,0
2019,4,17,64,40,-999.00,0.0,0
2019,4,18,63,44,0.00,0.0,0
2019,4,19,72,35,0.00,0.0,0
2019,4,20,79,47,0.00,0.0,0
2019,4,21,71,46,0.19,0.0,0
2019,4,22,48,38,0.32,0.0,0
2019,4,23,65,40,-999.00,0.0,0
2019,4,24,72,40,0.00,0.0,0
2019,4,25,70,41,0.00,0.0,0
2019,4,26,74,38,0.00,0.0,0
2019,4,27,66,42,0.02,0.0,0
2019,4,28,76,41,-999.00,0.0,0
2019,4,29,57,29,0.12,1.4,1
2019,4,30,37,29,0.34,2.8,1
2019,5,1,45,33,0.11,-999.0,0
2019,5,2,59,32,0.14,-999.0,0
2019,5,3,68,35,0.00,0.0,0
2019,5,4,70,36,0.00,0.0,0
2019,5,5,75,44,0.00,0.0,0
2019,5,6,71,43,-999.00,0.0,0
2019,5,7,61,43,0.34,0.0,0
2019,5,8,49,38,0.60,0.0,0
2019,5,9,39,31,0.52,2.3,-999
2019,5,10,52,34,-999.00,0.0,0
2019,5,11,64,32,-999.00,0.0,0
2019,5,12,71,34,0.00,0.0,0
2019,5,13,78,44,-999.00,0.0,0
2019,5,14,82,47,-999.00,0.0,0
2019,5,15,79,46,-999.00,0.0,0
2019,5,16,81,52,-999.00,0.0,0
2019,5,17,71,48,0.10,0.0,0
2019,5,18,65,37,0.00,0.0,0
2019,5,19,62,36,0.01,0.0,0
2019,5,20,46,35,0.39,-999.0,0
2019,5,21,43,31,0.89,5.1,2
2019,5,22,47,32,0.04,0.0,-999
2019,5,23,45,37,0.32,0.0,0
2019,5,24,70,34,0.02,0.0,0
2019,5,25,74,39,0.00,0.0,0
2019,5,26,75,43,-999.00,0.0,0
2019,5,27,67,42,0.05,0.0,0
2019,5,28,61,41,0.21,0.0,0
2019,5,29,61,39,0.14,0.0,0
2019,5,30,70,38,0.00,0.0,0
2019,5,31,76,42,0.01,0.0,0
2019,6,1,74,46,-999.00,0.0,0
2019,6,2,76,47,0.02,0.0,0
2019,6,3,77,47,0.09,0.0,0
2019,6,4,81,47,0.05,0.0,0
2019,6,5,77,47,-999.00,0.0,0
2019,6,6,82,47,0.10,0.0,0
2019,6,7,84,51,0.06,0.0,0
2019,6,8,81,51,0.01,0.0,0
2019,6,9,68,42,0.05,0.0,0
2019,6,10,77,38,0.00,0.0,0
2019,6,11,78,47,0.00,0.0,0
2019,6,12,75,51,0.00,0.0,0
2019,6,13,87,48,0.00,0.0,0
2019,6,14,84,63,0.02,0.0,0
2019,6,15,79,51,0.00,0.0,0
2019,6,16,78,49,0.04,0.0,0
2019,6,17,73,49,0.57,0.0,0
2019,6,18,74,52,0.03,0.0,0
2019,6,19,84,52,0.00,0.0,0
2019,6,20,85,53,0.02,0.0,0
2019,6,21,80,50,0.19,0.0,0
2019,6,22,56,44,0.87,0.0,0
2019,6,23,63,40,-999.00,0.0,0
2019,6,24,77,44,0.00,0.0,0
2019,6,25,82,52,-999.00,0.0,0
2019,6,26,87,51,0.00,0.0,0
2019,6,27,90,53,0.00,0.0,0
2019,6,28,94,55,0.00,0.0,0
2019,6,29,90,64,-999.00,0.0,0
2019,6,30,91,58,-999.00,0.0,0
2019,7,1,84,56,0.04,0.0,0
2019,7,2,84,53,0.71,0.0,0
2019,7,3,89,52,0.00,0.0,0
2019,7,4,85,55,0.11,0.0,0
2019,7,5,80,55,0.34,0.0,0
2019,7,6,80,53,0.01,0.0,0
2019,7,7,86,54,-999.00,0.0,0
2019,7,8,84,54,-999.00,0.0,0
2019,7,9,89,55,0.00,0.0,0
2019,7,10,86,53,0.00,0.0,0
2019,7,11,95,55,0.00,0.0,0
2019,7,12,90,60,0.00,0.0,0
2019,7,13,92,56,0.00,0.0,0
2019,7,14,90,59,0.06,0.0,0
2019,7,15,94,58,0.01,0.0,0
2019,7,16,90,54,-999.00,0.0,0
2019,7,17,97,62,0.00,0.0,0
2019,7,18,98,60,0.00,0.0,0
2019,7,19,98,62,0.00,0.0,0
2019,7,20,94,61,0.44,0.0,0
2019,7,21,83,60,-999.00,0.0,0
2019,7,22,80,62,0.18,0.0,0
2019,7,23,86,55,0.00,0.0,0
2019,7,24,95,56,-999.00,0.0,0
2019,7,25,88,63,0.03,0.0,0
2019,7,26,92,56,0.00,0.0,0
2019,7,27,87,61,0.16,0.0,0
2019,7,28,89,61,0.00,0.0,0
2019,7,29,93,52,0.00,0.0,0
2019,7,30,90,56,0.11,0.0,0
2019,7,31,87,63,0.01,0.0,0
2019,8,1,83,60,0.02,0.0,0
2019,8,2,88,57,0.05,0.0,0
2019,8,3,96,59,-999.00,0.0,0
2019,8,4,93,60,0.00,0.0,0
2019,8,5,89,63,0.00,0.0,0
2019,8,6,95,57,0.00,0.0,0
2019,8,7,88,63,-999.00,0.0,0
2019,8,8,83,61,0.01,0.0,0
2019,8,9,96,60,0.01,0.0,0
2019,8,10,95,65,-999.00,0.0,0
2019,8,11,81,62,-999.00,0.0,0
2019,8,12,91,60,0.00,0.0,0
2019,8,13,88,53,0.00,0.0,0
2019,8,14,91,55,0.00,0.0,0
2019,8,15,95,55,0.00,0.0,0
2019,8,16,91,57,0.00,0.0,0
2019,8,17,90,60,0.00,0.0,0
2019,8,18,89,57,0.00,0.0,0
2019,8,19,96,57,0.00,0.0,0
2019,8,20,98,58,0.00,0.0,0
2019,8,21,82,64,0.01,-999.0,0
2019,8,22,90,53,-999.00,0.0,0
2019,8,23,87,62,0.00,0.0,0
2019,8,24,90,51,0.00,0.0,0
2019,8,25,97,58,0.00,0.0,0
2019,8,26,89,56,0.00,0.0,0
2019,8,27,77,49,0.00,0.0,0
2019,8,28,94,47,0.00,0.0,0
2019,8,29,88,63,0.00,0.0,0
2019,8,30,84,53,0.00,0.0,0
2019,8,31,91,55,0.00,0.0,0
2019,9,1,98,53,0.00,0.0,0
2019,9,2,100,61,0.00,0.0,0
2019,9,3,92,61,0.00,0.0,0
2019,9,4,85,57,-999.00,0.0,0
2019,9,5,97,63,0.00,0.0,0
2019,9,6,82,59,0.02,0.0,0
2019,9,7,89,61,0.05,0.0,0
2019,9,8,85,51,0.02,0.0,0
2019,9,9,84,50,0.08,0.0,0
2019,9,10,82,56,0.01,0.0,0
2019,9,11,76,53,0.25,0.0,0
2019,9,12,79,47,-999.00,0.0,0
2019,9,13,80,43,0.00,0.0,0
2019,9,14,90,45,0.00,0.0,0
2019,9,15,87,48,0.00,0.0,0
2019,9,16,88,56,0.00,0.0,0
2019,9,17,87,59,0.00,0.0,0
2019,9,18,83,49,0.00,0.0,0
2019,9,19,86,46,0.00,0.0,0
2019,9,20,86,53,0.00,0.0,0
2019,9,21,78,45,0.00,0.0,0
2019,9,22,76,41,-999.00,0.0,0
2019,9,23,81,43,0.00,0.0,0
2019,9,24,86,49,0.00,0.0,0
2019,9,25,81,50,0.00,0.0,0
2019,9,26,85,40,0.00,0.0,0
2019,9,27,79,45,-999.00,0.0,0
2019,9,28,73,47,0.13,0.0,0
2019,9,29,86,45,0.00,0.0,0
2019,9,30,82,45,0.00,0.0,0
2019,10,1,66,47,0.14,0.0,0
2019,10,2,62,40,0.37,0.0,0
2019,10,3,65,43,0.00,0.0,0
2019,10,4,69,36,0.00,0.0,0
2019,10,5,65,47,0.00,0.0,0
2019,10,6,64,39,0.00,0.0,0
2019,10,7,74,31,0.00,0.0,0
2019,10,8,80,42,0.00,0.0,0
2019,10,9,80,48,0.00,0.0,0
2019,10,10,55,20,0.42,3.8,3
2019,10,11,44,15,0.00,0.0,0
2019,10,12,67,26,0.00,0.0,0
2019,10,13,74,32,0.00,0.0,0
2019,10,14,75,37,0.00,0.0,0
2019,10,15,69,32,0.00,0.0,0
2019,10,16,80,33,0.00,0.0,0
2019,10,17,78,43,0.00,0.0,0
2019,10,18,67,49,0.00,0.0,0
2019,10,19,65,32,0.00,0.0,0
2019,10,20,50,33,0.00,0.0,0
2019,10,21,55,30,0.00,0.0,0
2019,10,22,64,31,0.00,0.0,0
2019,10,23,57,37,-999.00,0.0,0
2019,10,24,40,25,0.54,7.0,2
2019,10,25,60,25,0.00,0.0,-999
2019,10,26,73,36,0.00,0.0,0
2019,10,27,59,19,0.23,3.9,3
2019,10,28,28,16,0.40,4.9,5
2019,10,29,21,9,0.20,4.7,7
2019,10,30,24,3,0.12,2.1,7
2019,10,31,45,3,0.00,0.0,4
2019,11,1,40,22,0.00,0.0,3
2019,11,2,48,17,0.00,0.0,2
2019,11,3,56,26,0.00,0.0,2
2019,11,4,49,31,0.00,0.0,1
2019,11,5,58,27,0.00,0.0,-999
2019,11,6,55,31,0.01,0.0,-999
2019,11,7,47,27,0.08,0.0,-999
2019,11,8,69,26,0.00,0.0,0
2019,11,9,79,41,0.00,0.0,0
2019,11,10,72,34,0.00,0.0,0
2019,11,11,53,12,0.19,3.5,2
2019,11,12,57,14,0.00,0.0,-999
2019,11,13,62,36,0.00,0.0,0
2019,11,14,55,28,0.00,0.0,0
2019,11,15,72,33,0.00,0.0,0
2019,11,16,65,42,0.00,0.0,0
2019,11,17,55,27,0.00,0.0,0
2019,11,18,66,43,0.00,0.0,0
2019,11,19,64,34,0.00,0.0,0
2019,11,20,51,33,0.11,0.5,-999
2019,11,21,34,25,0.30,0.6,1
2019,11,22,36,25,0.15,1.8,2
2019,11,23,58,23,0.00,0.0,1
2019,11,24,63,32,0.00,0.0,-999
2019,11,25,52,29,0.14,1.6,2
2019,11,26,29,21,1.33,20.7,20
2019,11,27,27,4,0.01,0.2,15
2019,11,28,31,4,0.00,0.0,13
2019,11,29,27,9,-999.00,-999.0,10
2019,11,30,37,21,0.06,0.6,10
2019,12,1,36,13,0.00,0.0,9
2019,12,2,54,15,0.00,0.0,6
2019,12,3,56,35,0.00,0.0,4
2019,12,4,54,31,0.00,0.0,4
2019,12,5,43,31,0.12,-999.0,3
2019,12,6,49,25,0.01,-999.0,3
2019,12,7,59,24,0.00,0.0,2
2019,12,8,56,35,-999.00,0.0,1
2019,12,9,45,26,-999.00,-999.0,1
2019,12,10,35,18,0.00,0.0,1
2019,12,11,54,23,0.00,0.0,1
2019,12,12,51,34,0.00,0.0,-999
2019,12,13,46,36,0.00,0.0,-999
2019,12,14,40,25,0.06,0.7,1
2019,12,15,31,18,-999.00,-999.0,-999
2019,12,16,34,18,-999.00,-999.0,-999
2019,12,17,44,15,0.00,0.0,-999
2019,12,18,54,19,0.00,0.0,-999
2019,12,19,47,25,0.00,0.0,-999
2019,12,20,53,24,0.00,0.0,-999
2019,12,21,64,28,0.00,0.0,-999
2019,12,22,64,32,0.00,0.0,-999
2019,12,23,58,37,0.00,0.0,-999
2019,12,24,58,34,0.00,0.0,-999
2019,12,25,50,27,0.00,0.0,-999
2019,12,26,38,20,0.00,0.0,-999
2019,12,27,36,18,0.00,0.0,-999
2019,12,28,30,22,0.16,2.7,2
2019,12,29,36,14,0.00,0.0,1
2019,12,30,36,11,0.00,0.0,1
2019,12,31,52,14,0.00,0.0,1
2020,1,1,53,23,0.00,0.0,-999
2020,1,2,48,28,0.00,0.0,-999
2020,1,3,47,23,0.00,0.0,-999
2020,1,4,65,28,0.00,0.0,-999
2020,1,5,58,28,0.00,0.0,-999
2020,1,6,41,27,0.00,0.0,0
2020,1,7,57,32,0.00,0.0,0
2020,1,8,58,34,0.00,0.0,0
2020,1,9,50,24,0.00,0.0,0
2020,1,10,36,19,0.00,0.0,0
2020,1,11,45,11,0.00,0.0,0
2020,1,12,42,18,0.00,0.0,0
2020,1,13,45,17,0.00,0.0,0
2020,1,14,53,25,0.00,0.0,0
2020,1,15,47,25,0.00,0.0,0
2020,1,16,37,15,0.00,0.0,0
2020,1,17,50,21,-999.00,0.0,0
2020,1,18,42,17,0.00,0.0,0
2020,1,19,47,18,0.00,0.0,0
2020,1,20,51,19,0.00,0.0,0
2020,1,21,51,28,0.00,0.0,0
2020,1,22,53,34,0.00,0.0,0
2020,1,23,42,26,0.00,0.0,0
2020,1,24,52,21,0.00,0.0,0
2020,1,25,56,26,0.00,0.0,0
2020,1,26,54,27,0.00,0.0,0
2020,1,27,43,28,0.00,0.0,0
2020,1,28,50,23,0.00,0.0,0
2020,1,29,44,28,-999.00,-999.0,0
2020,1,30,40,20,-999.00,-999.0,0
2020,1,31,55,17,0.00,0.0,0
2020,2,1,65,25,0.00,0.0,0
2020,2,2,75,44,0.00,0.0,0
2020,2,3,61,18,0.25,5.2,5
2020,2,4,22,9,0.50,8.6,10
2020,2,5,31,-3,0.00,0.0,7
2020,2,6,42,20,0.00,0.0,5
2020,2,7,35,23,0.31,3.7,8
2020,2,8,55,21,0.01,0.2,6
2020,2,9,47,24,0.24,3.9,9
2020,2,10,35,11,-999.00,-999.0,-999
2020,2,11,35,6,0.45,8.5,-999
2020,2,12,40,14,0.04,0.6,11
2020,2,13,29,14,0.15,2.0,12
2020,2,14,58,10,0.00,0.0,9
2020,2,15,54,24,0.00,0.0,8
2020,2,16,47,22,0.00,0.0,7
2020,2,17,44,23,0.00,0.0,7
2020,2,18,37,13,0.04,0.5,7
2020,2,19,29,15,0.09,2.6,10
2020,2,20,38,1,0.10,3.3,9
2020,2,21,53,15,0.00,0.0,7
2020,2,22,57,28,0.00,0.0,6
2020,2,23,44,35,0.01,-999.0,5
2020,2,24,42,27,-999.00,-999.0,4
2020,2,25,33,20,0.00,0.0,4
2020,2,26,42,8,0.00,0.0,4
2020,2,27,49,28,0.00,0.0,3
2020,2,28,60,29,0.00,0.0,1
2020,2,29,60,37,0.00,0.0,-999
2020,3,1,52,32,0.01,-999.0,-999
2020,3,2,45,24,0.37,4.0,-999
2020,3,3,57,23,0.00,0.0,-999
2020,3,4,62,28,0.00,0.0,-999
2020,3,5,52,26,0.00,0.0,-999
2020,3,6,67,29,0.00,0.0,0
2020,3,7,68,38,0.00,0.0,0
2020,3,8,69,38,0.00,0.0,0
2020,3,9,62,37,0.14,0.0,0
2020,3,10,62,32,0.00,0.0,0
2020,3,11,67,36,0.00,0.0,0
2020,3,12,56,34,-999.00,0.0,0
2020,3,13,38,30,0.04,0.5,1
2020,3,14,38,28,0.07,1.0,0
2020,3,15,51,31,0.00,0.0,0
2020,3,16,59,29,0.00,0.0,0
2020,3,17,52,38,0.02,0.0,0
2020,3,18,61,30,0.00,0.0,0
2020,3,19,53,31,1.65,7.1,7
2020,3,20,33,20,0.19,1.6,7
2020,3,21,52,14,0.00,0.0,3
2020,3,22,53,28,0.00,0.0,1
2020,3,23,57,29,-999.00,0.0,-999
2020,3,24,62,33,0.00,0.0,0
2020,3,25,66,40,0.00,0.0,0
2020,3,26,60,31,0.00,0.0,0
2020,3,27,50,32,0.05,0.1,0
2020,3,28,50,21,0.34,2.0,-999
2020,3,29,54,28,0.00,0.0,0
2020,3,30,57,30,-999.00,0.0,0
2020,3,31,66,36,0.00,0.0,0
2020,4,1,69,40,0.00,0.0,0
2020,4,2,64,22,0.21,0.6,1
2020,4,3,43,17,0.03,0.3,-999
2020,4,4,58,23,0.00,0.0,0
2020,4,5,69,34,0.00,0.0,0
2020,4,6,73,37,0.00,0.0,0
2020,4,7,73,43,0.00,0.0,0
2020,4,8,70,39,0.00,0.0,0
2020,4,9,65,31,0.00,0.0,0
2020,4,10,74,36,0.00,0.0,0
2020,4,11,70,44,0.00,0.0,0
2020,4,12,64,19,0.56,8.8,8
2020,4,13,27,15,0.69,9.9,12
2020,4,14,45,10,-999.00,-999.0,2
2020,4,15,55,28,0.00,0.0,-999
2020,4,16,41,25,1.58,16.9,15
2020,4,17,45,9,0.05,0.8,9
2020,4,18,53,28,-999.00,0.0,5
2020,4,19,58,33,0.00,0.0,1
2020,4,20,63,34,0.00,0.0,-999
2020,4,21,67,35,0.00,0.0,0
2020,4,22,66,43,-999.00,0.0,0
2020,4,23,66,42,-999.00,0.0,0
2020,4,24,59,39,0.05,0.0,0
2020,4,25,65,38,0.00,0.0,0
2020,4,26,73,34,0.00,0.0,0
2020,4,27,78,42,0.00,0.0,0
2020,4,28,76,52,0.00,0.0,0
2020,4,29,72,35,0.00,0.0,0
2020,4,30,83,46,0.00,0.0,0
2020,5,1,81,55,0.00,0.0,0
2020,5,2,80,50,0.01,0.0,0
2020,5,3,71,41,0.14,0.0,0
2020,5,4,69,46,0.07,0.0,0
2020,5,5,70,33,0.00,0.0,0
2020,5,6,68,35,0.00,0.0,0
2020,5,7,75,43,0.00,0.0,0
2020,5,8,62,34,0.03,0.0,0
2020,5,9,62,38,0.00,0.0,0
2020,5,10,61,37,0.00,0.0,0
2020,5,11,59,34,0.09,0.0,0
2020,5,12,66,39,0.01,0.0,0
2020,5,13,78,41,0.00,0.0,0
2020,5,14,76,52,0.28,0.0,0
2020,5,15,66,48,0.04,0.0,0
2020,5,16,69,48,0.10,0.0,0
2020,5,17,71,40,0.00,0.0,0
2020,5,18,84,46,0.00,0.0,0
2020,5,19,87,48,0.00,0.0,0
2020,5,20,66,61,0.00,0.0,0
2020,5,21,75,42,0.00,0.0,0
2020,5,22,82,43,0.00,0.0,0
2020,5,23,81,45,0.00,0.0,0
2020,5,24,70,44,1.13,0.0,0
2020,5,25,64,37,0.03,0.0,0
2020,5,26,76,37,0.00,0.0,0
2020,5,27,80,48,0.13,0.0,0
2020,5,28,70,50,0.00,0.0,0
2020,5,29,81,50,0.04,0.0,0
2020,5,30,81,54,-999.00,0.0,0
2020,5,31,85,52,0.20,0.0,0
2020,6,1,89,54,0.00,0.0,0
2020,6,2,87,63,0.03,0.0,0
2020,6,3,89,52,0.00,0.0,0
2020,6,4,89,56,0.01,0.0,0
2020,6,5,93,55,-999.00,0.0,0
2020,6,6,85,64,0.09,0.0,0
2020,6,7,87,51,0.00,0.0,0
2020,6,8,87,48,0.00,0.0,0
2020,6,9,75,42,0.28,0.0,0
2020,6,10,76,42,0.00,0.0,0
2020,6,11,82,48,0.00,0.0,0
2020,6,12,90,47,0.00,0.0,0
2020,6,13,86,53,0.01,0.0,0
2020,6,14,90,62,0.00,0.0,0
2020,6,15,90,52,0.00,0.0,0
2020,6,16,92,57,0.00,0.0,0
2020,6,17,91,52,0.00,0.0,0
2020,6,18,82,51,0.17,0.0,0
2020,6,19,66,50,0.79,0.0,0
2020,6,20,85,43,0.00,0.0,0
2020,6,21,78,59,0.27,0.0,0
2020,6,22,79,50,0.00,0.0,0
2020,6,23,83,51,0.00,0.0,0
2020,6,24,89,63,-999.00,0.0,0
2020,6,25,88,54,0.05,0.0,0
2020,6,26,81,54,0.33,0.0,0
2020,6,27,89,54,0.05,0.0,0
2020,6,28,87,59,0.01,0.0,0
2020,6,29,91,53,0.00,0.0,0
2020,6,30,89,55,0.01,0.0,0
2020,7,1,86,48,0.00,0.0,0
2020,7,2,93,54,0.00,0.0,0
2020,7,3,86,57,0.00,0.0,0
2020,7,4,87,57,0.00,0.0,0
2020,7,5,90,52,-999.00,0.0,0
2020,7,6,92,55,0.00,0.0,0
2020,7,7,92,59,-999.00,0.0,0
2020,7,8,96,54,0.00,0.0,0
2020,7,9,93,56,0.00,0.0,0
2020,7,10,99,56,0.00,0.0,0
2020,7,11,95,57,0.00,0.0,0
2020,7,12,91,58,0.00,0.0,0
2020,7,13,99,67,-999.00,0.0,0
2020,7,14,89,64,-999.00,0.0,0
2020,7,15,79,53,0.01,0.0,0
2020,7,16,94,55,0.00,0.0,0
2020,7,17,94,62,0.00,0.0,0
2020,7,18,100,68,-999.00,0.0,0
2020,7,19,88,60,-999.00,0.0,0
2020,7,20,91,57,0.00,0.0,0
2020,7,21,87,57,0.00,0.0,0
2020,7,22,90,54,0.05,0.0,0
2020,7,23,92,66,0.00,0.0,0
2020,7,24,84,65,0.07,0.0,0
2020,7,25,85,59,0.16,0.0,0
2020,7,26,80,60,0.01,0.0,0
2020,7,27,87,55,0.00,0.0,0
2020,7,28,85,58,-999.00,0.0,0
2020,7,29,94,58,0.00,0.0,0
2020,7,30,82,55,-999.00,0.0,0
2020,7,31,82,55,0.04,0.0,0
2020,8,1,88,59,0.08,0.0,0
2020,8,2,83,56,-999.00,0.0,0
2020,8,3,85,53,-999.00,0.0,0
2020,8,4,88,56,0.01,0.0,0
2020,8,5,91,58,0.21,0.0,0
2020,8,6,91,57,0.01,0.0,0
2020,8,7,98,53,0.00,0.0,0
2020,8,8,96,64,0.00,0.0,0
2020,8,9,98,63,0.00,0.0,0
2020,8,10,86,56,0.00,0.0,0
2020,8,11,93,56,0.00,0.0,0
2020,8,12,93,53,0.00,0.0,0
2020,8,13,95,56,0.00,0.0,0
2020,8,14,90,59,0.00,0.0,0
2020,8,15,92,52,0.00,0.0,0
2020,8,16,95,57,0.00,0.0,0
2020,8,17,94,57,0.00,0.0,0
2020,8,18,97,60,0.00,0.0,0
2020,8,19,94,60,0.00,0.0,0
2020,8,20,89,56,-999.00,0.0,0
2020,8,21,93,58,-999.00,0.0,0
2020,8,22,96,57,0.00,0.0,0
2020,8,23,94,57,0.00,0.0,0
2020,8,24,95,64,0.00,0.0,0
2020,8,25,97,63,0.00,0.0,0
2020,8,26,91,62,0.01,0.0,0
2020,8,27,94,57,0.08,0.0,0
2020,8,28,79,61,0.02,0.0,0
2020,8,29,78,51,0.05,0.0,0
2020,8,30,91,57,0.00,0.0,0
2020,8,31,83,43,0.01,0.0,0
2020,9,1,82,48,0.13,0.0,0
2020,9,2,91,51,0.00,0.0,0
2020,9,3,85,51,0.00,0.0,0
2020,9,4,90,51,0.00,0.0,0
2020,9,5,99,57,0.00,0.0,0
2020,9,6,99,64,0.00,0.0,0
2020,9,7,92,57,0.00,0.0,0
2020,9,8,75,32,0.85,1.7,1
2020,9,9,42,30,0.55,4.0,2
2020,9,10,49,35,0.02,0.0,0
2020,9,11,69,36,0.00,0.0,0
2020,9,12,81,44,0.00,0.0,0
2020,9,13,85,45,0.00,0.0,0
2020,9,14,87,47,0.00,0.0,0
2020,9,15,88,52,0.00,0.0,0
2020,9,16,84,52,0.00,0.0,0
2020,9,17,85,45,0.00,0.0,0
2020,9,18,78,47,0.00,0.0,0
2020,9,19,87,55,0.00,0.0,0
2020,9,20,82,53,-999.00,0.0,0
2020,9,21,83,49,-999.00,0.0,0
2020,9,22,86,52,0.00,0.0,0
2020,9,23,85,53,0.00,0.0,0
2020,9,24,88,52,0.00,0.0,0
2020,9,25,82,58,0.00,0.0,0
2020,9,26,88,64,0.00,0.0,0
2020,9,27,77,46,-999.00,0.0,0
2020,9,28,62,34,0.01,0.0,0
2020,9,29,81,39,-999.00,0.0,0
2020,9,30,75,48,-999.00,0.0,0
2020,10,1,67,37,0.00,0.0,0
2020,10,2,73,41,0.00,0.0,0
2020,10,3,71,39,0.00,0.0,0
2020,10,4,81,41,0.00,0.0,0
2020,10,5,85,50,0.00,0.0,0
2020,10,6,86,42,0.00,0.0,0
2020,10,7,82,46,0.00,0.0,0
2020,10,8,85,42,0.00,0.0,0
2020,10,9,85,52,0.00,0.0,0
2020,10,10,81,47,0.00,0.0,0
2020,10,11,74,50,-999.00,0.0,0
2020,10,12,76,42,0.00,0.0,0
2020,10,13,74,42,0.00,0.0,0
2020,10,14,82,53,0.00,0.0,0
2020,10,15,56,36,0.00,0.0,0
2020,10,16,68,25,0.00,0.0,0
2020,10,17,75,54,0.00,0.0,0
2020,10,18,68,33,0.02,0.0,0
2020,10,19,59,31,0.00,0.0,0
2020,10,20,68,38,0.00,0.0,0
2020,10,21,70,34,0.00,0.0,0
2020,10,22,55,26,0.09,0.0,0
2020,10,23,30,22,-999.00,-999.0,0
2020,10,24,49,23,0.00,0.0,0
2020,10,25,41,10,0.47,9.9,9
2020,10,26,18,5,0.19,2.6,8
2020,10,27,47,4,0.00,0.0,3
2020,10,28,54,25,0.00,0.0,1
2020,10,29,65,30,0.00,0.0,0
2020,10,30,68,33,0.00,0.0,0
2020,10,31,66,42,0.00,0.0,0
2020,11,1,65,29,0.00,0.0,0
2020,11,2,76,35,0.00,0.0,0
2020,11,3,77,41,0.00,0.0,0
2020,11,4,79,45,0.00,0.0,0
2020,11,5,76,43,0.00,0.0,0
2020,11,6,70,39,0.00,0.0,0
2020,11,7,66,44,0.00,0.0,0
2020,11,8,62,44,0.00,0.0,0
2020,11,9,47,28,0.31,3.4,3
2020,11,10,45,19,0.01,0.2,1
2020,11,11,46,26,0.00,0.0,-999
2020,11,12,48,26,0.00,0.0,0
2020,11,13,61,18,0.00,0.0,0
2020,11,14,53,34,-999.00,0.0,0
2020,11,15,54,29,0.00,0.0,0
2020,11,16,69,40,0.00,0.0,0
2020,11,17,71,36,0.00,0.0,0
2020,11,18,76,46,0.00,0.0,0
2020,11,19,69,37,0.00,0.0,0
2020,11,20,53,37,0.00,0.0,0
2020,11,21,48,23,0.00,0.0,0
2020,11,22,46,18,0.00,0.0,0
2020,11,23,58,24,0.00,0.0,0
2020,11,24,43,27,0.47,3.9,3
2020,11,25,53,20,0.00,0.0,2
2020,11,26,53,25,0.00,0.0,1
2020,11,27,44,20,-999.00,-999.0,1
2020,11,28,57,23,0.00,0.0,1
2020,11,29,41,23,0.00,0.0,-999
2020,11,30,62,18,0.00,0.0,-999
2020,12,1,49,30,-999.00,-999.0,-999
2020,12,2,35,12,0.00,0.0,-999
2020,12,3,50,16,0.00,0.0,-999
2020,12,4,62,28,0.00,0.0,-999
2020,12,5,54,27,0.00,0.0,-999
2020,12,6,62,27,0.00,0.0,-999
2020,12,7,63,28,0.00,0.0,-999
2020,12,8,62,29,0.00,0.0,-999
2020,12,9,65,30,0.00,0.0,-999
2020,12,10,45,21,0.00,0.0,-999
2020,12,11,37,23,0.27,2.7,2
2020,12,12,24,13,-999.00,-999.0,2
2020,12,13,36,8,0.06,0.9,3
2020,12,14,37,10,0.00,0.0,2
2020,12,15,34,19,0.07,1.1,2
2020,12,16,44,14,0.00,0.0,2
2020,12,17,51,24,0.00,0.0,2
2020,12,18,50,28,-999.00,-999.0,2
2020,12,19,47,19,0.00,0.0,1
2020,12,20,52,26,0.00,0.0,1
2020,12,21,56,40,0.00,0.0,-999
2020,12,22,63,35,-999.00,0.0,0
2020,12,23,47,17,0.02,-999.0,0
2020,12,24,56,17,0.00,0.0,0
2020,12,25,59,26,0.00,0.0,0
2020,12,26,63,33,0.00,0.0,0
2020,12,27,50,34,0.00,0.0,0
2020,12,28,37,26,0.03,0.5,-999
2020,12,29,36,19,0.07,0.6,1
2020,12,30,41,13,0.00,0.0,-999
2020,12,31,46,18,0.00,0.0,-999
2021,1,1,43,22,0.00,0.0,-999
2021,1,2,52,17,0.00,0.0,-999
2021,1,3,53,31,0.00,0.0,-999
2021,1,4,59,30,0.00,0.0,0
2021,1,5,55,29,0.00,0.0,0
2021,1,6,45,18,0.00,0.0,0
2021,1,7,46,23,0.00,0.0,0
2021,1,8,45,21,0.00,0.0,0
2021,1,9,36,20,0.01,0.1,-999
2021,1,10,35,23,0.21,3.7,3
2021,1,11,44,11,0.00,0.0,1
2021,1,12,54,18,0.00,0.0,-999
2021,1,13,64,31,0.00,0.0,0
2021,1,14,56,28,0.00,0.0,0
2021,1,15,46,15,0.00,0.0,0
2021,1,16,52,29,0.00,0.0,0
2021,1,17,52,26,0.00,0.0,0
2021,1,18,46,29,-999.00,-999.0,0
2021,1,19,39,22,0.00,0.0,0
2021,1,20,59,18,0.00,0.0,0
2021,1,21,47,36,0.00,0.0,0
2021,1,22,45,19,0.00,0.0,0
2021,1,23,44,19,-999.00,-999.0,0
2021,1,24,38,23,-999.00,-999.0,0
2021,1,25,38,16,-999.00,-999.0,0
2021,1,26,28,18,0.17,2.2,2
2021,1,27,28,4,0.01,0.2,2
2021,1,28,45,14,0.00,0.0,1
2021,1,29,58,27,0.00,0.0,-999
2021,1,30,54,30,0.00,0.0,-999
2021,1,31,52,22,0.00,0.0,0
2021,2,1,50,25,0.00,0.0,0
2021,2,2,65,32,0.00,0.0,0
2021,2,3,65,37,0.00,0.0,0
2021,2,4,46,19,0.00,0.0,0
2021,2,5,45,25,0.00,0.0,0
2021,2,6,45,25,0.00,0.0,0
2021,2,7,54,23,0.00,0.0,0
2021,2,8,48,9,-999.00,-999.0,0
2021,2,9,31,9,-999.00,-999.0,0
2021,2,10,31,11,-999.00,-999.0,0
2021,2,11,27,13,-999.00,-999.0,0
2021,2,12,15,0,0.06,1.1,1
2021,2,13,7,-3,0.05,0.9,1
2021,2,14,4,-8,0.11,1.4,2
2021,2,15,21,-12,0.02,0.3,2
2021,2,16,42,2,-999.00,-999.0,1
2021,2,17,35,16,-999.00,0.1,1
2021,2,18,34,15,0.37,7.1,8
2021,2,19,45,9,0.00,0.0,2
2021,2,20,50,21,0.00,0.0,1
2021,2,21,43,20,0.12,0.5,1
2021,2,22,56,32,0.00,0.0,-999
2021,2,23,60,36,0.00,0.0,-999
2021,2,24,54,20,-999.00,0.1,-999
2021,2,25,35,11,0.55,8.1,6
2021,2,26,45,13,0.00,0.0,4
2021,2,27,41,24,0.00,0.0,3
2021,2,28,39,11,0.00,0.0,2
2021,2,29,-998,-998,-998.00,-998.0,-998
2021,3,1,49,13,0.00,0.0,1
2021,3,2,62,24,0.00,0.0,-999
2021,3,3,62,30,0.00,0.0,-999
2021,3,4,48,30,0.00,0.0,-999
2021,3,5,60,32,-999.00,0.0,0
2021,3,6,67,27,0.00,0.0,0
2021,3,7,69,42,0.00,0.0,0
2021,3,8,68,35,0.00,0.0,0
2021,3,9,69,39,0.00,0.0,0
2021,3,10,60,32,0.23,0.9,0
2021,3,11,44,22,0.00,0.0,0
2021,3,12,42,32,0.13,0.6,0
2021,3,13,40,29,0.38,2.4,2
2021,3,14,32,29,1.63,17.5,18
2021,3,15,40,17,0.06,0.8,11
2021,3,16,40,21,0.00,0.0,9
2021,3,17,46,25,0.03,0.3,5
2021,3,18,46,20,0.00,0.0,4
2021,3,19,58,25,0.00,0.0,1
2021,3,20,64,32,0.00,0.0,-999
2021,3,21,52,33,0.12,0.5,1
2021,3,22,40,29,0.25,2.6,1
2021,3,23,41,24,-999.00,-999.0,-999
2021,3,24,40,26,0.07,1.6,0
2021,3,25,50,22,0.00,0.0,0
2021,3,26,49,32,0.03,-999.0,0
2021,3,27,54,27,0.01,0.0,0
2021,3,28,63,26,0.00,0.0,0
2021,3,29,71,42,0.00,0.0,0
2021,3,30,62,25,0.04,0.6,0
2021,3,31,54,20,0.00,0.0,0
2021,4,1,71,23,0.00,0.0,0
2021,4,2,74,41,0.00,0.0,0
2021,4,3,78,39,0.00,0.0,0
2021,4,4,80,43,0.00,0.0,0
2021,4,5,77,46,0.00,0.0,0
2021,4,6,76,36,0.07,0.0,0
2021,4,7,63,30,0.00,0.0,0
2021,4,8,70,37,0.00,0.0,0
2021,4,9,67,35,0.00,0.0,0
2021,4,10,70,26,0.00,0.0,0
2021,4,11,65,40,0.00,0.0,0
2021,4,12,53,23,0.00,0.0,0
2021,4,13,39,26,0.13,0.8,0
2021,4,14,39,26,0.08,0.6,0
2021,4,15,39,31,0.21,1.5,1
2021,4,16,38,28,0.58,4.7,3
2021,4,17,44,25,0.05,0.9,1
2021,4,18,58,27,0.00,0.0,0
2021,4,19,54,26,0.19,1.5,1
2021,4,20,37,10,0.73,7.6,4
2021,4,21,35,26,0.06,0.2,4
2021,4,22,50,25,0.01,0.2,1
2021,4,23,57,29,0.06,0.0,0
2021,4,24,64,31,0.00,0.0,0
2021,4,25,79,39,0.00,0.0,0
2021,4,26,76,47,0.00,0.0,0
2021,4,27,69,41,0.03,0.0,0
2021,4,28,59,37,1.00,0.0,0
2021,4,29,69,36,0.00,0.0,0
2021,4,30,79,42,0.00,0.0,0
2021,5,1,84,51,0.00,0.0,0
2021,5,2,79,46,0.12,0.0,0
2021,5,3,54,36,1.15,-999.0,0
2021,5,4,60,33,0.18,0.0,0
2021,5,5,60,38,0.03,0.0,0
2021,5,6,69,36,0.00,0.0,0
2021,5,7,82,43,0.00,0.0,0
2021,5,8,76,45,0.00,0.0,0
2021,5,9,61,37,0.33,0.0,0
2021,5,10,45,35,0.45,-999.0,0
2021,5,11,42,33,0.46,0.2,0
2021,5,12,62,33,0.00,0.0,0
2021,5,13,75,35,0.00,0.0,0
2021,5,14,72,41,0.00,0.0,0
2021,5,15,67,43,0.02,0.0,0
2021,5,16,59,46,-999.00,0.0,0
2021,5,17,63,50,0.12,0.0,0
2021,5,18,64,43,0.82,0.0,0
2021,5,19,71,42,-999.00,0.0,0
2021,5,20,78,42,0.02,0.0,0
2021,5,21,76,49,0.00,0.0,0
2021,5,22,73,43,-999.00,0.0,0
2021,5,23,75,51,0.39,0.0,0
2021,5,24,73,36,0.00,0.0,0
2021,5,25,76,46,0.00,0.0,0
2021,5,26,78,46,0.00,0.0,0
2021,5,27,77,45,0.00,0.0,0
2021,5,28,79,44,-999.00,0.0,0
2021,5,29,71,45,0.03,0.0,0
2021,5,30,64,47,1.43,0.0,0
2021,5,31,57,46,0.21,0.0,0
2021,6,1,68,39,0.03,0.0,0
2021,6,2,74,44,0.00,0.0,0
2021,6,3,82,46,0.00,0.0,0
2021,6,4,87,50,0.00,0.0,0
2021,6,5,91,53,0.00,0.0,0
2021,6,6,88,59,0.01,0.0,0
2021,6,7,85,50,-999.00,0.0,0
2021,6,8,88,51,0.00,0.0,0
2021,6,9,89,54,0.00,0.0,0
2021,6,10,91,53,0.00,0.0,0
2021,6,11,90,58,0.00,0.0,0
2021,6,12,86,46,0.00,0.0,0
2021,6,13,92,54,0.00,0.0,0
2021,6,14,94,57,0.00,0.0,0
2021,6,15,96,57,0.00,0.0,0
2021,6,16,99,62,-999.00,0.0,0
2021,6,17,99,59,0.00,0.0,0
2021,6,18,91,65,0.00,0.0,0
2021,6,19,89,58,0.01,0.0,0
2021,6,20,81,64,0.00,0.0,0
2021,6,21,75,50,0.23,0.0,0
2021,6,22,93,48,0.00,0.0,0
2021,6,23,96,61,0.00,0.0,0
2021,6,24,85,63,0.03,0.0,0
2021,6,25,77,53,0.44,0.0,0
2021,6,26,69,53,1.03,0.0,0
2021,6,27,72,50,0.01,0.0,0
2021,6,28,72,51,0.20,0.0,0
2021,6,29,76,49,0.00,0.0,0
2021,6,30,81,50,0.00,0.0,0
2021,7,1,77,57,1.36,0.0,0
2021,7,2,83,52,0.04,0.0,0
2021,7,3,87,55,0.19,0.0,0
2021,7,4,85,57,0.00,0.0,0
2021,7,5,86,56,-999.00,0.0,0
2021,7,6,83,59,0.00,0.0,0
2021,7,7,87,56,0.20,0.0,0
2021,7,8,98,56,0.00,0.0,0
2021,7,9,94,67,0.00,0.0,0
2021,7,10,91,58,0.00,0.0,0
2021,7,11,84,52,0.00,0.0,0
2021,7,12,88,52,0.00,0.0,0
2021,7,13,87,62,0.15,0.0,0
2021,7,14,78,58,0.01,0.0,0
2021,7,15,82,52,0.02,0.0,0
2021,7,16,90,54,-999.00,0.0,0
2021,7,17,91,56,0.00,0.0,0
2021,7,18,91,56,0.00,0.0,0
2021,7,19,92,58,0.00,0.0,0
2021,7,20,93,56,0.00,0.0,0
2021,7,21,89,61,0.00,0.0,0
2021,7,22,94,61,0.00,0.0,0
2021,7,23,93,65,0.12,0.0,0
2021,7,24,86,62,0.01,0.0,0
2021,7,25,90,61,0.00,0.0,0
2021,7,26,91,56,0.60,0.0,0
2021,7,27,93,55,0.00,0.0,0
2021,7,28,95,58,0.00,0.0,0
2021,7,29,89,58,0.00,0.0,0
2021,7,30,91,61,0.02,0.0,0
2021,7,31,76,61,0.48,0.0,0
2021,8,1,80,56,-999.00,0.0,0
2021,8,2,85,54,0.00,0.0,0
2021,8,3,82,62,0.03,0.0,0
2021,8,4,81,60,0.09,0.0,0
2021,8,5,91,54,0.00,0.0,0
2021,8,6,90,53,0.03,0.0,0
2021,8,7,81,57,-999.00,0.0,0
2021,8,8,91,57,0.00,0.0,0
2021,8,9,94,59,0.00,0.0,0
2021,8,10,94,56,0.00,0.0,0
2021,8,11,93,57,0.00,0.0,0
2021,8,12,86,60,0.00,0.0,0
2021,8,13,84,55,0.00,0.0,0
2021,8,14,93,56,0.00,0.0,0
2021,8,15,89,62,0.03,0.0,0
2021,8,16,91,56,0.00,0.0,0
2021,8,17,95,56,0.00,0.0,0
2021,8,18,92,59,-999.00,0.0,0
2021,8,19,82,61,0.28,0.0,0
2021,8,20,79,49,0.09,0.0,0
2021,8,21,82,50,0.06,0.0,0
2021,8,22,90,52,0.00,0.0,0
2021,8,23,90,56,0.00,0.0,0
2021,8,24,93,56,0.00,0.0,0
2021,8,25,88,57,0.00,0.0,0
2021,8,26,83,55,0.05,0.0,0
2021,8,27,91,56,0.00,0.0,0
2021,8,28,89,57,0.00,0.0,0
2021,8,29,83,57,0.00,0.0,0
2021,8,30,91,51,0.00,0.0,0
2021,8,31,94,55,0.00,0.0,0
2021,9,1,87,57,0.00,0.0,0
2021,9,2,82,58,-999.00,0.0,0
2021,9,3,81,60,0.04,0.0,0
2021,9,4,84,50,0.00,0.0,0
2021,9,5,87,50,0.00,0.0,0
2021,9,6,95,52,0.00,0.0,0
2021,9,7,86,55,0.00,0.0,0
2021,9,8,87,49,0.00,0.0,0
2021,9,9,95,49,0.00,0.0,0
2021,9,10,99,55,0.00,0.0,0
2021,9,11,95,61,0.03,0.0,0
2021,9,12,85,57,0.03,0.0,0
2021,9,13,83,55,0.00,0.0,0
2021,9,14,78,57,-999.00,0.0,0
2021,9,15,90,48,0.00,0.0,0
2021,9,16,91,57,0.00,0.0,0
2021,9,17,74,44,0.00,0.0,0
2021,9,18,91,43,0.00,0.0,0
2021,9,19,88,68,0.00,0.0,0
2021,9,20,79,53,0.00,0.0,0
2021,9,21,66,37,0.08,0.0,0
2021,9,22,79,39,0.00,0.0,0
2021,9,23,83,50,0.00,0.0,0
2021,9,24,73,45,0.00,0.0,0
2021,9,25,87,42,0.00,0.0,0
2021,9,26,90,53,0.00,0.0,0
2021,9,27,88,45,0.00,0.0,0
2021,9,28,82,57,0.00,0.0,0
2021,9,29,71,52,0.31,0.0,0
2021,9,30,54,42,0.05,0.0,0
2021,10,1,67,41,0.00,0.0,0
2021,10,2,72,43,0.00,0.0,0
2021,10,3,79,43,0.00,0.0,0
2021,10,4,82,47,0.00,0.0,0
2021,10,5,83,43,0.00,0.0,0
2021,10,6,77,43,0.00,0.0,0
2021,10,7,79,48,0.00,0.0,0
2021,10,8,76,46,0.00,0.0,0
2021,10,9,68,48,-999.00,0.0,0
2021,10,10,70,38,0.00,0.0,0
2021,10,11,70,38,0.00,0.0,0
2021,10,12,54,38,0.04,0.0,0
2021,10,13,61,33,0.08,0.0,0
2021,10,14,50,30,0.02,0.0,0
2021,10,15,56,26,0.00,0.0,0
2021,10,16,71,31,0.00,0.0,0
2021,10,17,75,35,0.00,0.0,0
2021,10,18,76,43,0.00,0.0,0
2021,10,19,65,37,0.00,0.0,0
2021,10,20,65,27,0.00,0.0,0
2021,10,21,63,34,0.00,0.0,0
2021,10,22,75,34,0.00,0.0,0
2021,10,23,73,39,0.00,0.0,0
2021,10,24,70,36,0.00,0.0,0
2021,10,25,73,36,0.00,0.0,0
2021,10,26,71,38,0.02,0.0,0
2021,10,27,59,32,0.00,0.0,0
2021,10,28,59,34,0.00,0.0,0
2021,10,29,76,36,0.00,0.0,0
2021,10,30,76,43,0.00,0.0,0
2021,10,31,55,36,0.01,0.0,0
2021,11,1,39,33,0.01,-999.0,0
2021,11,2,44,33,0.01,0.0,0
2021,11,3,61,35,0.01,0.0,0
2021,11,4,70,32,0.00,0.0,0
2021,11,5,75,45,0.00,0.0,0
2021,11,6,75,35,0.00,0.0,0
2021,11,7,78,44,0.00,0.0,0
2021,11,8,55,31,0.00,0.0,0
2021,11,9,55,28,0.00,0.0,0
2021,11,10,57,37,0.00,0.0,0
2021,11,11,55,26,0.00,0.0,0
2021,11,12,56,24,0.00,0.0,0
2021,11,13,67,39,0.00,0.0,0
2021,11,14,66,31,0.00,0.0,0
2021,11,15,73,53,0.00,0.0,0
2021,11,16,72,56,0.00,0.0,0
2021,11,17,59,24,0.02,0.3,0
2021,11,18,51,16,0.00,0.0,0
2021,11,19,66,29,0.00,0.0,0
2021,11,20,58,35,-999.00,0.0,0
2021,11,21,58,25,0.00,0.0,0
2021,11,22,70,31,0.00,0.0,0
2021,11,23,70,33,0.00,0.0,0
2021,11,24,57,32,0.01,0.2,-999
2021,11,25,61,17,0.01,0.2,0
2021,11,26,72,34,0.00,0.0,0
2021,11,27,58,34,0.00,0.0,0
2021,11,28,67,28,0.00,0.0,0
2021,11,29,74,47,0.00,0.0,0
2021,11,30,59,36,0.00,0.0,0
2021,12,1,72,42,0.00,0.0,0
2021,12,2,72,40,0.00,0.0,0
2021,12,3,61,33,0.00,0.0,0
2021,12,4,69,28,0.00,0.0,0
2021,12,5,64,31,0.00,0.0,0
2021,12,6,31,14,0.00,0.0,0
2021,12,7,56,21,0.00,0.0,0
2021,12,8,56,25,0.00,0.0,0
2021,12,9,51,38,0.00,0.0,0
2021,12,10,42,24,0.09,1.0,1
2021,12,11,49,16,0.00,0.0,-999
2021,12,12,65,33,0.00,0.0,0
2021,12,13,56,28,0.00,0.0,0
2021,12,14,62,31,0.00,0.0,0
2021,12,15,56,31,0.03,0.0,0
2021,12,16,46,31,0.00,0.0,0
2021,12,17,45,26,0.00,0.0,0
2021,12,18,39,7,0.00,0.0,0
2021,12,19,62,18,0.00,0.0,0
2021,12,20,62,33,0.00,0.0,0
2021,12,21,63,25,0.00,0.0,0
2021,12,22,63,32,0.00,0.0,0
2021,12,23,63,41,0.00,0.0,0
2021,12,24,55,38,0.04,0.0,0
2021,12,25,54,34,0.00,0.0,0
2021,12,26,52,23,-999.00,-999.0,0
2021,12,27,44,21,0.00,0.0,0
2021,12,28,37,23,0.00,0.0,0
2021,12,29,33,10,0.00,0.0,0
2021,12,30,44,16,0.00,0.0,0
2021,12,31,44,25,0.26,4.1,4
2022,1,1,25,5,0.43,7.1,9
2022,1,2,50,-4,0.00,0.0,6
2022,1,3,51,22,0.00,0.0,4
2022,1,4,49,30,0.00,0.0,3
2022,1,5,36,11,0.17,2.6,6
2022,1,6,20,0,0.33,5.1,8
2022,1,7,63,7,0.00,0.0,6
2022,1,8,58,39,0.00,0.0,4
2022,1,9,40,19,0.00,0.0,4
2022,1,10,54,19,0.00,0.0,4
2022,1,11,56,27,0.00,0.0,3
2022,1,12,57,28,0.00,0.0,3
2022,1,13,59,40,0.00,0.0,2
2022,1,14,53,31,0.03,0.3,2
2022,1,15,50,15,0.00,0.0,2
2022,1,16,60,35,0.00,0.0,1
2022,1,17,56,23,0.00,0.0,1
2022,1,18,50,35,0.00,0.0,1
2022,1,19,42,19,0.07,-999.0,1
2022,1,20,27,15,0.01,-999.0,1
2022,1,21,33,22,0.07,1.3,1
2022,1,22,44,17,0.01,0.1,1
2022,1,23,53,22,0.00,0.0,-999
2022,1,24,47,28,0.00,0.0,-999
2022,1,25,40,21,0.32,5.4,5
2022,1,26,38,6,0.00,0.0,4
2022,1,27,31,20,0.12,3.2,6
2022,1,28,51,9,0.00,0.0,4
2022,1,29,57,27,0.00,0.0,3
2022,1,30,54,22,0.00,0.0,1
2022,1,31,61,23,0.00,0.0,1
2022,2,1,51,22,0.05,0.6,1
2022,2,2,22,7,0.57,9.2,9
2022,2,3,24,-11,0.02,0.4,8
2022,2,4,40,4,0.00,0.0,7
2022,2,5,50,17,0.00,0.0,5
2022,2,6,39,20,0.00,0.0,5
2022,2,7,54,20,0.00,0.0,3
2022,2,8,54,35,0.00,0.0,2
2022,2,9,56,38,0.00,0.0,2
2022,2,10,61,26,0.00,0.0,1
2022,2,11,49,26,0.37,5.6,6
2022,2,12,39,7,0.32,4.5,7
2022,2,13,59,19,0.00,0.0,3
2022,2,14,55,25,0.00,0.0,2
2022,2,15,60,36,0.00,0.0,2
2022,2,16,51,21,0.13,1.7,3
2022,2,17,34,5,0.35,5.6,5
2022,2,18,45,19,0.00,0.0,3
2022,2,19,57,23,0.00,0.0,3
2022,2,20,62,34,0.00,0.0,1
2022,2,21,57,18,-999.00,-999.0,1
2022,2,22,18,-2,0.19,2.9,3
2022,2,23,11,-4,0.13,1.6,4
2022,2,24,25,1,0.04,0.7,3
2022,2,25,26,2,0.00,0.0,3
2022,2,26,36,6,0.00,0.0,3
2022,2,27,55,15,0.00,0.0,1
2022,2,28,66,32,0.00,0.0,-999
2022,2,29,-998,-998,-998.00,-998.0,-998
2022,3,1,70,41,0.00,0.0,-999
2022,3,2,66,38,0.00,0.0,-999
2022,3,3,69,39,0.00,0.0,-999
2022,3,4,68,31,0.00,0.0,-999
2022,3,5,56,27,0.05,0.1,-999
2022,3,6,29,18,0.14,5.3,3
2022,3,7,29,5,0.05,0.8,1
2022,3,8,41,11,0.00,0.0,-999
2022,3,9,34,10,0.15,4.1,4
2022,3,10,22,2,0.06,0.8,2
2022,3,11,33,2,0.00,0.0,1
2022,3,12,56,17,0.00,0.0,-999
2022,3,13,61,31,0.00,0.0,-999
2022,3,14,56,29,0.00,0.0,-999
2022,3,15,69,29,0.00,0.0,0
2022,3,16,63,42,0.01,0.0,0
2022,3,17,45,30,0.97,4.8,4
2022,3,18,52,19,0.01,0.3,-999
2022,3,19,60,28,0.00,0.0,0
2022,3,20,66,31,0.00,0.0,0
2022,3,21,57,29,0.04,0.5,0
2022,3,22,47,22,0.00,0.0,0
2022,3,23,58,22,0.00,0.0,0
2022,3,24,67,30,0.00,0.0,0
2022,3,25,62,39,0.00,0.0,0
2022,3,26,78,36,0.00,0.0,0
2022,3,27,73,32,0.00,0.0,0
2022,3,28,77,43,0.00,0.0,0
2022,3,29,70,43,0.19,0.0,0
2022,3,30,51,30,-999.00,0.0,0
2022,3,31,65,26,0.00,0.0,0
2022,4,1,60,39,0.00,0.0,0
2022,4,2,68,27,0.00,0.0,0
2022,4,3,66,40,0.00,0.0,0
2022,4,4,69,29,0.00,0.0,0
2022,4,5,64,44,-999.00,0.0,0
2022,4,6,49,28,0.00,0.0,0
2022,4,7,58,27,0.00,0.0,0
2022,4,8,69,24,0.00,0.0,0
2022,4,9,78,45,0.00,0.0,0
2022,4,10,70,34,0.12,0.0,0
2022,4,11,59,25,0.00,0.0,0
2022,4,12,58,38,0.00,0.0,0
2022,4,13,39,12,-999.00,-999.0,0
2022,4,14,57,20,0.00,0.0,0
2022,4,15,65,35,0.00,0.0,0
2022,4,16,55,28,0.00,0.0,0
2022,4,17,63,28,-999.00,0.0,0
2022,4,18,59,24,0.00,0.0,0
2022,4,19,82,32,0.00,0.0,0
2022,4,20,73,45,0.00,0.0,0
2022,4,21,78,37,0.00,0.0,0
2022,4,22,85,38,0.00,0.0,0
2022,4,23,67,30,-999.00,0.0,0
2022,4,24,52,31,0.00,0.0,0
2022,4,25,55,30,0.00,0.0,0
2022,4,26,74,30,0.00,0.0,0
2022,4,27,74,43,0.00,0.0,0
2022,4,28,75,40,0.00,0.0,0
2022,4,29,69,43,-999.00,0.0,0
2022,4,30,65,37,0.00,0.0,0
2022,5,1,64,32,0.00,0.0,0
2022,5,2,53,35,0.41,-999.0,0
2022,5,3,52,36,0.00,0.0,0
2022,5,4,52,37,0.96,0.0,0
2022,5,5,71,35,0.00,0.0,0
2022,5,6,81,46,0.00,0.0,0
2022,5,7,86,47,0.00,0.0,0
2022,5,8,80,40,0.00,0.0,0
2022,5,9,71,44,0.00,0.0,0
2022,5,10,71,40,0.00,0.0,0
2022,5,11,87,42,0.00,0.0,0
2022,5,12,80,48,0.00,0.0,0
2022,5,13,75,46,0.00,0.0,0
2022,5,14,80,49,0.00,0.0,0
2022,5,15,77,47,0.00,0.0,0
2022,5,16,87,43,0.00,0.0,0
2022,5,17,85,49,-999.00,0.0,0
2022,5,18,84,48,0.00,0.0,0
2022,5,19,86,45,0.00,0.0,0
2022,5,20,84,32,0.63,3.8,4
2022,5,21,45,32,0.58,4.5,1
2022,5,22,58,30,0.00,0.0,0
2022,5,23,61,37,0.01,0.0,0
2022,5,24,56,38,0.22,0.0,0
2022,5,25,71,34,0.01,0.0,0
2022,5,26,82,40,0.00,0.0,0
2022,5,27,87,50,0.00,0.0,0
2022,5,28,82,51,0.00,0.0,0
2022,5,29,79,51,0.15,0.0,0
2022,5,30,64,44,0.06,0.0,0
2022,5,31,63,38,0.16,0.0,0
2022,6,1,54,39,0.58,0.0,0
2022,6,2,69,39,0.00,0.0,0
2022,6,3,73,45,0.06,0.0,0
2022,6,4,83,44,0.00,0.0,0
2022,6,5,80,52,-999.00,0.0,0
2022,6,6,76,51,0.04,0.0,0
2022,6,7,79,50,0.00,0.0,0
2022,6,8,77,49,0.00,0.0,0
2022,6,9,88,50,0.00,0.0,0
2022,6,10,90,48,0.00,0.0,0
2022,6,11,99,58,0.00,0.0,0
2022,6,12,96,60,0.05,0.0,0
2022,6,13,95,65,0.00,0.0,0
2022,6,14,90,52,0.00,0.0,0
2022,6,15,87,45,0.00,0.0,0
2022,6,16,91,52,0.00,0.0,0
2022,6,17,91,58,-999.00,0.0,0
2022,6,18,90,61,-999.00,0.0,0
2022,6,19,87,63,-999.00,0.0,0
2022,6,20,87,57,0.00,0.0,0
2022,6,21,85,47,0.00,0.0,0
2022,6,22,82,49,0.00,0.0,0
2022,6,23,91,51,0.00,0.0,0
2022,6,24,89,60,0.11,0.0,0
2022,6,25,72,53,-999.00,0.0,0
2022,6,26,68,56,0.01,0.0,0
2022,6,27,85,48,0.00,0.0,0
2022,6,28,91,52,-999.00,0.0,0
2022,6,29,92,60,0.01,0.0,0
2022,6,30,82,63,0.08,0.0,0
2022,7,1,84,51,0.00,0.0,0
2022,7,2,89,54,-999.00,0.0,0
2022,7,3,88,57,0.02,0.0,0
2022,7,4,92,58,-999.00,0.0,0
2022,7,5,88,58,-999.00,0.0,0
2022,7,6,86,63,0.09,0.0,0
2022,7,7,90,53,0.11,0.0,0
2022,7,8,94,55,0.00,0.0,0
2022,7,9,99,58,0.03,0.0,0
2022,7,10,98,59,0.02,0.0,0
2022,7,11,81,60,0.10,0.0,0
2022,7,12,93,54,0.00,0.0,0
2022,7,13,96,56,-999.00,0.0,0
2022,7,14,96,67,0.02,0.0,0
2022,7,15,89,62,0.01,0.0,0
2022,7,16,91,62,0.17,0.0,0
2022,7,17,97,58,0.00,0.0,0
2022,7,18,99,65,0.00,0.0,0
2022,7,19,100,71,0.00,0.0,0
2022,7,20,94,61,0.13,0.0,0
2022,7,21,94,57,0.00,0.0,0
2022,7,22,97,65,0.00,0.0,0
2022,7,23,96,67,0.09,0.0,0
2022,7,24,78,57,0.49,0.0,0
2022,7,25,89,56,0.02,0.0,0
2022,7,26,88,57,0.00,0.0,0
2022,7,27,86,58,0.00,0.0,0
2022,7,28,82,60,1.11,0.0,0
2022,7,29,81,58,0.03,0.0,0
2022,7,30,91,51,0.00,0.0,0
2022,7,31,90,61,-999.00,0.0,0
2022,8,1,93,60,-999.00,0.0,0
2022,8,2,93,66,-999.00,0.0,0
2022,8,3,88,62,0.01,0.0,0
2022,8,4,95,58,-999.00,0.0,0
2022,8,5,93,63,-999.00,0.0,0
2022,8,6,89,64,0.12,0.0,0
2022,8,7,84,62,0.18,0.0,0
2022,8,8,87,55,0.14,0.0,0
2022,8,9,92,59,0.00,0.0,0
2022,8,10,93,60,0.00,0.0,0
2022,8,11,94,59,0.00,0.0,0
2022,8,12,91,61,0.00,0.0,0
2022,8,13,90,61,-999.00,0.0,0
2022,8,14,88,61,0.01,0.0,0
2022,8,15,80,62,0.22,0.0,0
2022,8,16,71,61,0.59,0.0,0
2022,8,17,83,53,0.00,0.0,0
2022,8,18,86,53,0.00,0.0,0
2022,8,19,84,56,0.00,0.0,0
2022,8,20,78,57,0.16,0.0,0
2022,8,21,78,53,-999.00,0.0,0
2022,8,22,84,53,0.00,0.0,0
2022,8,23,86,54,0.00,0.0,0
2022,8,24,85,53,0.00,0.0,0
2022,8,25,85,55,0.02,0.0,0
2022,8,26,81,57,-999.00,0.0,0
2022,8,27,91,56,0.00,0.0,0
2022,8,28,94,69,0.00,0.0,0
2022,8,29,86,53,0.00,0.0,0
2022,8,30,91,54,0.00,0.0,0
2022,8,31,90,57,0.01,0.0,0
2022,9,1,94,53,0.00,0.0,0
2022,9,2,93,60,0.00,0.0,0
2022,9,3,90,54,0.00,0.0,0
2022,9,4,95,54,0.00,0.0,0
2022,9,5,95,60,0.00,0.0,0
2022,9,6,96,59,0.00,0.0,0
2022,9,7,95,57,0.00,0.0,0
2022,9,8,97,61,-999.00,0.0,0
2022,9,9,82,50,0.07,0.0,0
2022,9,10,55,45,0.91,0.0,0
2022,9,11,75,39,0.00,0.0,0
2022,9,12,87,46,0.00,0.0,0
2022,9,13,82,50,0.00,0.0,0
2022,9,14,80,57,-999.00,0.0,0
2022,9,15,78,52,-999.00,0.0,0
2022,9,16,78,47,0.01,0.0,0
2022,9,17,80,51,0.00,0.0,0
2022,9,18,82,47,0.02,0.0,0
2022,9,19,90,50,0.00,0.0,0
2022,9,20,90,57,0.00,0.0,0
2022,9,21,79,52,0.17,0.0,0
2022,9,22,59,47,0.22,0.0,0
2022,9,23,81,47,0.01,0.0,0
2022,9,24,81,47,0.00,0.0,0
2022,9,25,73,43,0.00,0.0,0
2022,9,26,82,44,0.00,0.0,0
2022,9,27,80,48,-999.00,0.0,0
2022,9,28,82,45,0.00,0.0,0
2022,9,29,82,54,0.01,0.0,0
2022,9,30,79,50,0.07,0.0,0
2022,10,1,71,46,0.13,0.0,0
2022,10,2,74,46,-999.00,0.0,0
2022,10,3,74,46,0.09,0.0,0
2022,10,4,65,42,0.00,0.0,0
2022,10,5,70,42,0.00,0.0,0
2022,10,6,72,41,0.00,0.0,0
2022,10,7,57,38,0.04,0.0,0
2022,10,8,66,36,-999.00,0.0,0
2022,10,9,73,37,0.00,0.0,0
2022,10,10,78,40,0.00,0.0,0
2022,10,11,78,49,0.00,0.0,0
2022,10,12,71,36,0.00,0.0,0
2022,10,13,66,35,0.00,0.0,0
2022,10,14,78,42,0.00,0.0,0
2022,10,15,65,40,0.00,0.0,0
2022,10,16,59,43,0.00,0.0,0
2022,10,17,65,32,0.00,0.0,0
2022,10,18,69,32,0.00,0.0,0
2022,10,19,77,39,0.00,0.0,0
2022,10,20,82,39,0.00,0.0,0
2022,10,21,77,49,0.00,0.0,0
2022,10,22,77,48,0.00,0.0,0
2022,10,23,67,45,0.00,0.0,0
2022,10,24,53,30,0.02,-999.0,0
2022,10,25,61,38,0.00,0.0,0
2022,10,26,57,33,0.00,0.0,0
2022,10,27,51,33,0.24,0.1,0
2022,10,28,59,27,0.00,0.0,0
2022,10,29,61,30,0.00,0.0,0
2022,10,30,61,31,0.00,0.0,0
2022,10,31,70,32,0.00,0.0,0
2022,11,1,71,34,0.00,0.0,0
2022,11,2,69,45,0.00,0.0,0
2022,11,3,51,32,0.24,3.0,3
2022,11,4,44,24,0.27,3.7,3
2022,11,5,57,32,0.00,0.0,-999
2022,11,6,54,36,-999.00,0.0,0
2022,11,7,52,25,0.00,0.0,0
2022,11,8,68,33,0.00,0.0,0
2022,11,9,49,24,0.00,0.0,0
2022,11,10,51,29,0.00,0.0,0
2022,11,11,37,14,0.00,0.0,0
2022,11,12,45,15,0.00,0.0,0
2022,11,13,50,21,0.00,0.0,0
2022,11,14,39,16,0.00,0.0,0
2022,11,15,35,21,0.14,3.5,0
2022,11,16,40,17,0.00,0.0,-999
2022,11,17,32,20,0.12,3.3,3
2022,11,18,24,11,0.34,5.6,6
2022,11,19,41,5,0.00,0.0,4
2022,11,20,47,13,0.00,0.0,4
2022,11,21,50,21,0.00,0.0,2
2022,11,22,51,25,0.00,0.0,2
2022,11,23,50,27,0.00,0.0,2
2022,11,24,45,23,0.00,0.0,2
2022,11,25,59,24,0.00,0.0,1
2022,11,26,59,30,0.00,0.0,-999
2022,11,27,49,32,0.01,-999.0,-999
2022,11,28,55,36,0.00,0.0,-999
2022,11,29,44,15,0.30,5.5,4
2022,11,30,29,7,0.00,0.0,3
2022,12,1,56,14,0.00,0.0,1
2022,12,2,56,32,0.00,0.0,-999
2022,12,3,54,13,0.00,0.0,-999
2022,12,4,55,28,0.00,0.0,-999
2022,12,5,57,30,0.00,0.0,0
2022,12,6,51,26,0.00,0.0,0
2022,12,7,50,24,0.00,0.0,0
2022,12,8,44,20,0.00,0.0,0
2022,12,9,52,12,0.00,0.0,0
2022,12,10,53,20,0.00,0.0,0
2022,12,11,61,26,0.00,0.0,0
2022,12,12,54,31,0.00,0.0,0
2022,12,13,41,22,-999.00,-999.0,0
2022,12,14,40,18,0.00,0.0,0
2022,12,15,33,17,0.00,0.0,0
2022,12,16,32,10,0.00,0.0,0
2022,12,17,38,13,0.00,0.0,0
2022,12,18,41,13,0.00,0.0,0
2022,12,19,45,10,0.00,0.0,0
2022,12,20,50,19,0.00,0.0,0
2022,12,21,47,6,-999.00,-999.0,0
2022,12,22,7,-18,0.55,6.2,6
2022,12,23,12,-14,0.00,0.0,5
2022,12,24,51,-2,0.00,0.0,4
2022,12,25,53,17,0.00,0.0,2
2022,12,26,49,28,0.00,0.0,2
2022,12,27,62,32,0.00,0.0,-999
2022,12,28,57,41,-999.00,0.0,0
2022,12,29,41,21,1.26,9.3,9
2022,12,30,37,19,0.00,0.0,8
2022,12,31,53,23,0.00,0.0,6
2023,1,1,40,28,0.00,0.0,6
2023,1,2,31,26,0.11,0.9,7
2023,1,3,26,16,0.06,0.7,7
2023,1,4,37,13,0.00,0.0,6
2023,1,5,38,13,0.00,0.0,6
2023,1,6,48,19,0.00,0.0,6
2023,1,7,45,24,0.00,0.0,6
2023,1,8,57,21,0.00,0.0,5
2023,1,9,52,32,0.00,0.0,5
2023,1,10,56,32,0.00,0.0,2
2023,1,11,51,32,0.01,-999.0,2
2023,1,12,49,22,-999.00,0.0,2
2023,1,13,52,25,0.00,0.0,1
2023,1,14,62,34,0.00,0.0,-999
2023,1,15,53,33,0.00,0.0,-999
2023,1,16,48,26,-999.00,-999.0,-999
2023,1,17,43,22,-999.00,-999.0,-999
2023,1,18,31,22,0.58,5.8,5
2023,1,19,38,18,0.00,0.0,5
2023,1,20,32,18,0.00,0.0,4
2023,1,21,32,13,-999.00,-999.0,4
2023,1,22,40,16,0.00,0.0,4
2023,1,23,34,24,0.01,0.2,3
2023,1,24,35,16,0.00,0.0,3
2023,1,25,33,16,0.00,0.0,3
2023,1,26,40,14,0.00,0.0,3
2023,1,27,46,26,0.00,0.0,2
2023,1,28,41,21,-999.00,-999.0,2
2023,1,29,25,1,0.08,1.1,3
2023,1,30,9,-7,0.03,0.5,3
2023,1,31,30,-4,-999.00,0.1,3
2023,2,1,46,8,0.00,0.0,3
2023,2,2,49,19,0.00,0.0,2
2023,2,3,61,24,0.00,0.0,2
2023,2,4,54,32,0.00,0.0,1
2023,2,5,49,27,0.00,0.0,-999
2023,2,6,48,28,0.00,0.0,-999
2023,2,7,48,23,0.00,0.0,-999
2023,2,8,52,20,0.00,0.0,-999
2023,2,9,38,19,0.00,0.0,-999
2023,2,10,50,10,0.00,0.0,-999
2023,2,11,57,24,0.00,0.0,-999
2023,2,12,49,30,0.00,0.0,-999
2023,2,13,58,24,0.00,0.0,-999
2023,2,14,50,33,0.00,0.0,-999
2023,2,15,33,13,0.28,9.1,7
2023,2,16,31,2,0.07,1.5,5
2023,2,17,55,11,0.00,0.0,2
2023,2,18,54,32,0.00,0.0,1
2023,2,19,48,32,0.00,0.0,-999
2023,2,20,53,31,0.00,0.0,0
2023,2,21,62,32,0.00,0.0,0
2023,2,22,48,2,0.51,6.1,5
2023,2,23,9,-13,0.05,0.6,4
2023,2,24,41,-5,0.00,0.0,3
2023,2,25,59,19,0.00,0.0,-999
2023,2,26,62,27,0.00,0.0,-999
2023,2,27,49,25,0.00,0.0,0
2023,2,28,49,30,0.00,0.0,0
2023,2,29,-998,-998,-998.00,-998.0,-998
2023,3,1,36,20,-999.00,-999.0,-999
2023,3,2,49,15,0.03,0.5,0
2023,3,3,46,25,-999.00,-999.0,0
2023,3,4,39,21,0.00,0.0,0
2023,3,5,54,20,0.00,0.0,0
2023,3,6,45,20,0.00,0.0,0
2023,3,7,38,26,0.01,0.0,0
2023,3,8,36,24,0.00,0.0,0
2023,3,9,54,26,0.01,0.2,0
2023,3,10,61,24,-999.00,-999.0,0
2023,3,11,58,36,-999.00,0.0,0
2023,3,12,50,23,-999.00,-999.0,0
2023,3,13,52,19,0.00,0.0,0
2023,3,14,66,30,0.00,0.0,0
2023,3,15,69,38,-999.00,0.0,0
2023,3,16,54,25,0.05,0.5,0
2023,3,17,42,19,0.00,0.0,0
2023,3,18,46,13,0.00,0.0,0
2023,3,19,55,16,0.00,0.0,0
2023,3,20,53,32,0.00,0.0,0
2023,3,21,57,27,0.00,0.0,0
2023,3,22,49,30,0.04,0.2,0
2023,3,23,50,26,-999.00,0.0,0
2023,3,24,55,23,0.00,0.0,0
2023,3,25,46,23,0.03,0.3,0
2023,3,26,40,19,0.00,0.0,0
2023,3,27,35,23,0.18,2.6,1
2023,3,28,48,14,0.00,0.0,-999
2023,3,29,49,26,0.00,0.0,0
2023,3,30,65,25,-999.00,0.0,0
2023,3,31,51,33,0.00,0.0,0
2023,4,1,65,32,0.00,0.0,0
2023,4,2,67,44,0.00,0.0,0
2023,4,3,57,32,0.00,0.0,0
2023,4,4,51,22,0.33,4.6,4
2023,4,5,42,8,0.08,1.4,1
2023,4,6,52,21,0.00,0.0,0
2023,4,7,65,25,0.00,0.0,0
2023,4,8,67,35,0.00,0.0,0
2023,4,9,69,35,0.00,0.0,0
2023,4,10,75,34,0.00,0.0,0
2023,4,11,84,39,0.00,0.0,0
2023,4,12,82,50,0.00,0.0,0
2023,4,13,76,54,0.00,0.0,0
2023,4,14,64,33,0.26,0.2,-999
2023,4,15,51,28,0.08,0.3,0
2023,4,16,62,26,0.00,0.0,0
2023,4,17,72,35,0.00,0.0,0
2023,4,18,76,41,0.00,0.0,0
2023,4,19,69,39,-999.00,0.0,0
2023,4,20,50,26,0.00,0.0,0
2023,4,21,52,30,0.00,0.0,0
2023,4,22,45,24,0.38,3.4,3
2023,4,23,56,19,0.00,0.0,0
2023,4,24,65,32,0.00,0.0,0
2023,4,25,60,36,0.05,0.0,0
2023,4,26,57,38,0.90,0.0,0
2023,4,27,67,40,0.00,0.0,0
2023,4,28,59,32,0.19,0.0,0
2023,4,29,71,39,0.00,0.0,0
2023,4,30,69,39,0.00,0.0,0
2023,5,1,70,36,0.00,0.0,0
2023,5,2,69,39,-999.00,0.0,0
2023,5,3,79,43,0.00,0.0,0
2023,5,4,73,46,0.00,0.0,0
2023,5,5,74,43,0.08,0.0,0
2023,5,6,69,38,0.00,0.0,0
2023,5,7,67,42,-999.00,0.0,0
2023,5,8,73,39,0.00,0.0,0
2023,5,9,76,42,0.00,0.0,0
2023,5,10,75,45,0.13,0.0,0
2023,5,11,54,43,1.27,0.0,0
2023,5,12,63,46,0.93,0.0,0
2023,5,13,61,42,0.00,0.0,0
2023,5,14,61,47,0.93,0.0,0
2023,5,15,57,46,1.17,0.0,0
2023,5,16,78,43,-999.00,0.0,0
2023,5,17,78,45,0.01,0.0,0
2023,5,18,68,46,0.15,0.0,0
2023,5,19,56,48,0.34,0.0,0
2023,5,20,66,45,-999.00,0.0,0
2023,5,21,75,46,0.00,0.0,0
2023,5,22,75,46,0.00,0.0,0
2023,5,23,78,46,0.00,0.0,0
2023,5,24,73,47,0.23,0.0,0
2023,5,25,73,46,0.02,0.0,0
2023,5,26,69,48,0.09,0.0,0
2023,5,27,78,46,0.13,0.0,0
2023,5,28,78,45,0.01,0.0,0
2023,5,29,81,46,0.00,0.0,0
2023,5,30,79,47,0.00,0.0,0
2023,5,31,75,47,0.03,0.0,0
2023,6,1,71,50,0.13,0.0,0
2023,6,2,71,50,0.50,0.0,0
2023,6,3,69,50,0.16,0.0,0
2023,6,4,61,52,0.79,0.0,0
2023,6,5,69,50,0.04,0.0,0
2023,6,6,75,45,0.00,0.0,0
2023,6,7,76,48,0.08,0.0,0
2023,6,8,77,51,0.00,0.0,0
2023,6,9,79,52,-999.00,0.0,0
2023,6,10,73,46,0.00,0.0,0
2023,6,11,70,50,0.00,0.0,0
2023,6,12,66,42,1.24,0.0,0
2023,6,13,65,46,0.11,0.0,0
2023,6,14,77,44,0.07,0.0,0
2023,6,15,75,53,0.13,0.0,0
2023,6,16,71,44,0.89,0.0,0
2023,6,17,72,46,0.01,0.0,0
2023,6,18,82,47,0.00,0.0,0
2023,6,19,89,55,0.00,0.0,0
2023,6,20,86,54,0.00,0.0,0
2023,6,21,82,51,0.14,0.0,0
2023,6,22,79,53,0.53,0.0,0
2023,6,23,77,55,0.03,0.0,0
2023,6,24,84,55,0.00,0.0,0
2023,6,25,81,48,0.00,0.0,0
2023,6,26,84,50,0.00,0.0,0
2023,6,27,90,55,0.00,0.0,0
2023,6,28,86,62,0.00,0.0,0
2023,6,29,78,59,0.13,0.0,0
2023,6,30,69,49,0.06,0.0,0
2023,7,1,82,48,-999.00,0.0,0
2023,7,2,86,52,0.00,0.0,0
2023,7,3,91,53,0.00,0.0,0
2023,7,4,87,60,0.02,0.0,0
2023,7,5,71,54,0.61,0.0,0
2023,7,6,73,56,0.08,0.0,0
2023,7,7,76,53,0.00,0.0,0
2023,7,8,78,58,0.03,0.0,0
2023,7,9,80,53,0.00,0.0,0
2023,7,10,93,54,0.00,0.0,0
2023,7,11,95,58,0.00,0.0,0
2023,7,12,91,59,-999.00,0.0,0
2023,7,13,92,58,-999.00,0.0,0
2023,7,14,86,61,0.00,0.0,0
2023,7,15,84,53,0.00,0.0,0
2023,7,16,88,54,0.00,0.0,0
2023,7,17,97,58,-999.00,0.0,0
2023,7,18,94,62,0.00,0.0,0
2023,7,19,86,68,-999.00,0.0,0
2023,7,20,78,59,0.40,0.0,0
2023,7,21,82,53,0.04,0.0,0
2023,7,22,89,52,0.10,0.0,0
2023,7,23,96,56,-999.00,0.0,0
2023,7,24,97,58,-999.00,0.0,0
2023,7,25,98,60,-999.00,0.0,0
2023,7,26,95,67,0.08,0.0,0
2023,7,27,95,60,0.02,0.0,0
2023,7,28,95,59,0.07,0.0,0
2023,7,29,85,56,-999.00,0.0,0
2023,7,30,94,58,0.00,0.0,0
2023,7,31,90,65,-999.00,0.0,0
2023,8,1,81,60,0.60,0.0,0
2023,8,2,84,58,0.18,0.0,0
2023,8,3,82,58,0.13,0.0,0
2023,8,4,88,54,0.00,0.0,0
2023,8,5,86,54,0.00,0.0,0
2023,8,6,74,57,0.03,0.0,0
2023,8,7,81,49,0.01,0.0,0
2023,8,8,84,51,0.00,0.0,0
2023,8,9,83,52,0.00,0.0,0
2023,8,10,91,54,0.00,0.0,0
2023,8,11,91,64,0.01,0.0,0
2023,8,12,87,60,0.00,0.0,0
2023,8,13,78,62,0.00,0.0,0
2023,8,14,79,52,0.00,0.0,0
2023,8,15,91,51,0.00,0.0,0
2023,8,16,95,59,-999.00,0.0,0
2023,8,17,91,62,0.00,0.0,0
2023,8,18,95,61,0.00,0.0,0
2023,8,19,96,66,-999.00,0.0,0
2023,8,20,91,57,0.00,0.0,0
2023,8,21,98,57,0.00,0.0,0
2023,8,22,94,60,-999.00,0.0,0
2023,8,23,93,61,0.02,0.0,0
2023,8,24,91,63,0.00,0.0,0
2023,8,25,83,58,0.54,0.0,0
2023,8,26,73,57,0.07,0.0,0
2023,8,27,85,55,0.22,0.0,0
2023,8,28,77,54,0.31,0.0,0
2023,8,29,82,51,0.00,0.0,0
2023,8,30,93,52,0.00,0.0,0
2023,8,31,93,57,0.00,0.0,0
2023,9,1,96,52,-999.00,0.0,0
2023,9,2,92,62,-999.00,0.0,0
2023,9,3,86,60,-999.00,0.0,0
2023,9,4,85,55,0.02,0.0,0
2023,9,5,78,50,0.00,0.0,0
2023,9,6,87,47,0.00,0.0,0
2023,9,7,91,52,0.00,0.0,0
2023,9,8,89,51,0.00,0.0,0
2023,9,9,86,51,0.00,0.0,0
2023,9,10,79,55,0.20,0.0,0
2023,9,11,66,52,0.34,0.0,0
2023,9,12,75,44,0.00,0.0,0
2023,9,13,81,45,0.00,0.0,0
2023,9,14,72,50,1.54,0.0,0
2023,9,15,66,51,0.22,0.0,0
2023,9,16,74,41,0.00,0.0,0
2023,9,17,81,44,0.00,0.0,0
2023,9,18,82,53,0.00,0.0,0
2023,9,19,78,60,-999.00,0.0,0
2023,9,20,79,48,0.00,0.0,0
2023,9,21,78,47,0.00,0.0,0
2023,9,22,78,47,0.00,0.0,0
2023,9,23,78,50,0.00,0.0,0
2023,9,24,77,41,0.00,0.0,0
2023,9,25,81,43,0.00,0.0,0
2023,9,26,81,44,0.00,0.0,0
2023,9,27,86,46,0.00,0.0,0
2023,9,28,87,51,0.00,0.0,0
2023,9,29,81,51,0.00,0.0,0
2023,9,30,83,46,0.00,0.0,0
2023,10,1,83,55,0.01,0.0,0
2023,10,2,82,50,0.00,0.0,0
2023,10,3,69,41,0.00,0.0,0
2023,10,4,71,46,0.00,0.0,0
2023,10,5,69,41,0.00,0.0,0
2023,10,6,57,40,0.00,0.0,0
2023,10,7,72,34,0.00,0.0,0
2023,10,8,78,39,0.00,0.0,0
2023,10,9,79,40,0.00,0.0,0
2023,10,10,82,42,0.00,0.0,0
2023,10,11,71,47,0.02,0.0,0
2023,10,12,59,40,-999.00,0.0,0
2023,10,13,58,30,-999.00,0.0,0
2023,10,14,54,29,0.00,0.0,0
2023,10,15,66,32,0.00,0.0,0
2023,10,16,75,38,0.00,0.0,0
2023,10,17,85,42,0.00,0.0,0
2023,10,18,72,41,0.00,0.0,0
2023,10,19,81,42,0.00,0.0,0
2023,10,20,87,43,0.00,0.0,0
2023,10,21,80,43,0.00,0.0,0
2023,10,22,75,38,0.00,0.0,0
2023,10,23,78,40,0.00,0.0,0
2023,10,24,68,41,0.00,0.0,0
2023,10,25,65,36,0.00,0.0,0
2023,10,26,51,37,-999.00,0.0,0
2023,10,27,42,27,0.02,0.0,0
2023,10,28,32,24,0.05,0.6,-999
2023,10,29,25,19,0.53,6.2,6
2023,10,30,43,9,0.00,0.0,3
2023,10,31,49,12,0.00,0.0,1
2023,11,1,56,28,0.00,0.0,-999
2023,11,2,70,32,0.00,0.0,0
2023,11,3,72,51,0.00,0.0,0
2023,11,4,67,35,0.00,0.0,0
2023,11,5,78,45,0.00,0.0,0
2023,11,6,71,38,0.00,0.0,0
2023,11,7,76,46,0.00,0.0,0
2023,11,8,60,36,0.07,-999.0,0
2023,11,9,50,25,0.04,-999.0,0
2023,11,10,54,21,0.00,0.0,0
2023,11,11,61,30,0.00,0.0,0
2023,11,12,63,35,0.00,0.0,0
2023,11,13,65,27,0.00,0.0,0
2023,11,14,72,42,0.00,0.0,0
2023,11,15,67,37,0.00,0.0,0
2023,11,16,69,39,0.00,0.0,0
2023,11,17,69,35,0.00,0.0,0
2023,11,18,60,30,0.00,0.0,0
2023,11,19,54,34,0.00,0.0,0
2023,11,20,49,35,-999.00,0.0,0
2023,11,21,57,23,0.00,0.0,0
2023,11,22,66,39,0.00,0.0,0
2023,11,23,63,32,0.00,0.0,0
2023,11,24,37,17,0.21,4.2,4
2023,11,25,24,12,0.17,3.1,6
2023,11,26,38,12,0.00,0.0,4
2023,11,27,43,15,0.00,0.0,3
2023,11,28,53,24,0.00,0.0,1
2023,11,29,52,23,0.00,0.0,-999
2023,11,30,38,22,0.00,0.0,-999
2023,12,1,39,18,0.00,0.0,-999
2023,12,2,41,20,0.00,0.0,-999
2023,12,3,38,31,0.03,0.5,-999
2023,12,4,59,24,0.00,0.0,-999
2023,12,5,65,26,0.00,0.0,-999
2023,12,6,65,34,0.00,0.0,-999
2023,12,7,59,37,0.00,0.0,0
2023,12,8,53,32,-999.00,-999.0,0